key,strategy,symbol,params,trades_per_day,is_n,is_pf,is_exp,oos_n,oos_pf,oos_exp
"breakout|BTCUSD|{""n"": 20, ""sl"": 2.0}",breakout,BTCUSD,"{""n"": 20, ""sl"": 2.0}",0.556093979441997,258,1.1351389437276207,0.07232067662564368,283,1.0154868052948376,0.00827734820214861
"breakout|BTCUSD|{""n"": 20, ""sl"": 3.0}",breakout,BTCUSD,"{""n"": 20, ""sl"": 3.0}",0.45227606461086634,217,1.1629035195105986,0.0853860990183993,223,1.1008516538956774,0.05050929143149446
"breakout|BTCUSD|{""n"": 55, ""sl"": 2.0}",breakout,BTCUSD,"{""n"": 55, ""sl"": 2.0}",0.35462555066079293,158,1.2316915890872826,0.11357459606170861,187,1.0370386116268355,0.019978360481783634
"breakout|BTCUSD|{""n"": 55, ""sl"": 3.0}",breakout,BTCUSD,"{""n"": 55, ""sl"": 3.0}",0.31556534508076356,145,1.1513662847974715,0.08317702696806757,162,1.017800908779164,0.009282001813060438
"orb|BTCUSD|{""rr"": 1.0, ""width_min"": 0.0}",orb,BTCUSD,"{""rr"": 1.0, ""width_min"": 0.0}",1.1728340675477238,615,0.7898121337075651,-0.07067310766042914,526,0.7691803337483883,-0.07248434728953349
"orb|BTCUSD|{""rr"": 1.0, ""width_min"": 0.5}",orb,BTCUSD,"{""rr"": 1.0, ""width_min"": 0.5}",1.113215859030837,581,0.8221732504400782,-0.057238120864128425,502,0.8329776333971425,-0.04940327659269611
"orb|BTCUSD|{""rr"": 2.0, ""width_min"": 0.0}",orb,BTCUSD,"{""rr"": 2.0, ""width_min"": 0.0}",1.1728340675477238,615,0.7873655504093465,-0.0757044872661869,526,0.7710131007960265,-0.07519270212459155
"orb|BTCUSD|{""rr"": 2.0, ""width_min"": 0.5}",orb,BTCUSD,"{""rr"": 2.0, ""width_min"": 0.5}",1.113215859030837,581,0.843226336654506,-0.052435466272677575,502,0.8523627508247091,-0.04484630034813408
"orb|BTCUSD|{""rr"": 3.0, ""width_min"": 0.0}",orb,BTCUSD,"{""rr"": 3.0, ""width_min"": 0.0}",1.1728340675477238,615,0.8369139464068457,-0.05883023803531289,526,0.8106193543613995,-0.06218714924377222
"orb|BTCUSD|{""rr"": 3.0, ""width_min"": 0.5}",orb,BTCUSD,"{""rr"": 3.0, ""width_min"": 0.5}",1.113215859030837,581,0.9103197619635031,-0.030365731707142195,502,0.8918285464944963,-0.03285816770564661
"pdhl|BTCUSD|{""rr"": 1.0}",pdhl,BTCUSD,"{""rr"": 1.0}",0.7812041116005873,372,0.9656846510642655,-0.007985625160214959,388,0.8091993348544411,-0.03917626604725598
"pdhl|BTCUSD|{""rr"": 1.5}",pdhl,BTCUSD,"{""rr"": 1.5}",0.7812041116005873,372,0.8972481669650595,-0.02480431455237962,388,0.843740469902189,-0.03208408586448545
"pdhl|BTCUSD|{""rr"": 2.5}",pdhl,BTCUSD,"{""rr"": 2.5}",0.7812041116005873,372,0.8888031331671365,-0.027171388792981893,388,0.871565473936162,-0.026370899487649212
"rsi2|BTCUSD|{""lo"": 5, ""sl"": 1.5}",rsi2,BTCUSD,"{""lo"": 5, ""sl"": 1.5}",0.44610866372980906,216,0.8038834708470229,-0.07365435854804435,218,0.7470074093157915,-0.09426160648514673
"rsi2|BTCUSD|{""lo"": 5, ""sl"": 3.0}",rsi2,BTCUSD,"{""lo"": 5, ""sl"": 3.0}",0.43069016152716594,206,0.7424503632389038,-0.05661489392587942,213,0.667687027426594,-0.0691614280390754
"rsi2|BTCUSD|{""lo"": 10, ""sl"": 1.5}",rsi2,BTCUSD,"{""lo"": 10, ""sl"": 1.5}",0.9035242290748898,464,0.6989901407325471,-0.11993978337196329,415,0.6998986928899549,-0.11704240898834822
"rsi2|BTCUSD|{""lo"": 10, ""sl"": 3.0}",rsi2,BTCUSD,"{""lo"": 10, ""sl"": 3.0}",0.868575624082232,444,0.6862651426395635,-0.06890779366628276,401,0.6740067392121853,-0.06832734165208135
"breakout|ETHUSD|{""n"": 20, ""sl"": 2.0}",breakout,ETHUSD,"{""n"": 20, ""sl"": 2.0}",0.5406754772393538,275,0.9381964795504739,-0.03308094644825885,251,1.576753941875452,0.2958959155463848
"breakout|ETHUSD|{""n"": 20, ""sl"": 3.0}",breakout,ETHUSD,"{""n"": 20, ""sl"": 3.0}",0.4491923641703377,230,0.9947893872721637,-0.0027908671002747436,207,1.5078080348662926,0.24967987654674967
"breakout|ETHUSD|{""n"": 55, ""sl"": 2.0}",breakout,ETHUSD,"{""n"": 55, ""sl"": 2.0}",0.31762114537444935,151,1.1594539478282633,0.07676077303044936,158,1.7434848342802418,0.36093087964353154
"breakout|ETHUSD|{""n"": 55, ""sl"": 3.0}",breakout,ETHUSD,"{""n"": 55, ""sl"": 3.0}",0.2795888399412628,135,1.196220585194423,0.0954325100557334,137,1.5206112644592922,0.2534675712805522
"orb|ETHUSD|{""rr"": 1.0, ""width_min"": 0.0}",orb,ETHUSD,"{""rr"": 1.0, ""width_min"": 0.0}",1.1574155653450808,613,0.7703704296558024,-0.07665901640523952,513,1.0129139744328937,0.003395309644155744
"orb|ETHUSD|{""rr"": 1.0, ""width_min"": 0.5}",orb,ETHUSD,"{""rr"": 1.0, ""width_min"": 0.5}",1.1234948604992658,595,0.7595637907739498,-0.08062061177178902,498,1.0652917048439472,0.01660186356508258
"orb|ETHUSD|{""rr"": 2.0, ""width_min"": 0.0}",orb,ETHUSD,"{""rr"": 2.0, ""width_min"": 0.0}",1.1574155653450808,613,0.7926859165207145,-0.07417400789939138,513,0.9553807078495915,-0.012544129394481966
"orb|ETHUSD|{""rr"": 2.0, ""width_min"": 0.5}",orb,ETHUSD,"{""rr"": 2.0, ""width_min"": 0.5}",1.1234948604992658,595,0.7965240341365409,-0.07262476340826027,498,1.0182382694396368,0.004939488860929153
"orb|ETHUSD|{""rr"": 3.0, ""width_min"": 0.0}",orb,ETHUSD,"{""rr"": 3.0, ""width_min"": 0.0}",1.1574155653450808,613,0.792349813714634,-0.07485996836595966,513,0.9613235048234962,-0.010873389886681116
"orb|ETHUSD|{""rr"": 3.0, ""width_min"": 0.5}",orb,ETHUSD,"{""rr"": 3.0, ""width_min"": 0.5}",1.1234948604992658,595,0.8025102165256536,-0.07104247547572425,498,1.024593018151977,0.0066605518478806405
"pdhl|ETHUSD|{""rr"": 1.0}",pdhl,ETHUSD,"{""rr"": 1.0}",0.7606461086637298,382,0.9510899362975144,-0.010152708017187859,358,0.9409401580342361,-0.0115794631501065
"pdhl|ETHUSD|{""rr"": 1.5}",pdhl,ETHUSD,"{""rr"": 1.5}",0.7606461086637298,382,0.970798711232243,-0.006155799471854874,358,0.9724993097190711,-0.005394530584855861
"pdhl|ETHUSD|{""rr"": 2.5}",pdhl,ETHUSD,"{""rr"": 2.5}",0.7606461086637298,382,0.9803123736616856,-0.00415026476328982,358,0.9902744943800107,-0.0019077534776137087
"rsi2|ETHUSD|{""lo"": 5, ""sl"": 1.5}",rsi2,ETHUSD,"{""lo"": 5, ""sl"": 1.5}",0.45227606461086634,218,0.7911758335863684,-0.07626016324073359,222,0.6797333727088983,-0.12511025689289929
"rsi2|ETHUSD|{""lo"": 5, ""sl"": 3.0}",rsi2,ETHUSD,"{""lo"": 5, ""sl"": 3.0}",0.4317180616740088,212,0.8103035435152778,-0.035770038330924105,208,0.6536438202109286,-0.07320308835842468
"rsi2|ETHUSD|{""lo"": 10, ""sl"": 1.5}",rsi2,ETHUSD,"{""lo"": 10, ""sl"": 1.5}",0.8839941262848752,461,0.6368516508686105,-0.1508536669217227,399,0.7630473484542173,-0.08812809597905139
"rsi2|ETHUSD|{""lo"": 10, ""sl"": 3.0}",rsi2,ETHUSD,"{""lo"": 10, ""sl"": 3.0}",0.8336270190895742,439,0.612522352115921,-0.08652540939814563,372,0.7783892226041323,-0.04255725585875416
"breakout|EURUSD|{""n"": 20, ""sl"": 2.0}",breakout,EURUSD,"{""n"": 20, ""sl"": 2.0}",0.30551065393093313,134,0.8566009924897178,-0.07144570669440059,163,0.7840974921608153,-0.1288298646735441
"breakout|EURUSD|{""n"": 20, ""sl"": 3.0}",breakout,EURUSD,"{""n"": 20, ""sl"": 3.0}",0.25510653930933136,112,0.9487719490391378,-0.026354031462834878,136,0.7629774756158796,-0.13972532478424712
"breakout|EURUSD|{""n"": 55, ""sl"": 2.0}",breakout,EURUSD,"{""n"": 55, ""sl"": 2.0}",0.21293166789125645,97,0.6269526846116689,-0.1889601017298637,110,0.7429706534419585,-0.16074971046679695
"breakout|EURUSD|{""n"": 55, ""sl"": 3.0}",breakout,EURUSD,"{""n"": 55, ""sl"": 3.0}",0.18721528288023512,82,0.9678533339859569,-0.01694674354427855,100,0.6239253964440784,-0.23525123712181095
"orb|EURUSD|{""rr"": 1.0, ""width_min"": 0.0}",orb,EURUSD,"{""rr"": 1.0, ""width_min"": 0.0}",0.7879500367376929,400,0.6472438543774486,-0.20943832102239807,366,0.6453264379837994,-0.19953372658635876
"orb|EURUSD|{""rr"": 1.0, ""width_min"": 0.5}",orb,EURUSD,"{""rr"": 1.0, ""width_min"": 0.5}",0.42174871418074944,175,0.5861297610576306,-0.2465612617504616,235,0.6532440995047595,-0.18696929289664024
"orb|EURUSD|{""rr"": 2.0, ""width_min"": 0.0}",orb,EURUSD,"{""rr"": 2.0, ""width_min"": 0.0}",0.7879500367376929,400,0.6507543753855084,-0.2522573276191649,366,0.6793394453759158,-0.2160309981034384
"orb|EURUSD|{""rr"": 2.0, ""width_min"": 0.5}",orb,EURUSD,"{""rr"": 2.0, ""width_min"": 0.5}",0.42174871418074944,175,0.4873845227415435,-0.36101844455020043,235,0.6389808842781701,-0.2309583936761712
"orb|EURUSD|{""rr"": 3.0, ""width_min"": 0.0}",orb,EURUSD,"{""rr"": 3.0, ""width_min"": 0.0}",0.7879500367376929,400,0.6745551539248583,-0.24492523450279385,366,0.6927372472858409,-0.21206331481399568
"orb|EURUSD|{""rr"": 3.0, ""width_min"": 0.5}",orb,EURUSD,"{""rr"": 3.0, ""width_min"": 0.5}",0.42174871418074944,175,0.521273759332689,-0.3437587874719023,235,0.6647469940735907,-0.215440491394817
"pdhl|EURUSD|{""rr"": 1.0}",pdhl,EURUSD,"{""rr"": 1.0}",0.5595885378398237,270,0.8162793828971477,-0.0427213278601203,274,0.9135545685075386,-0.02183571769139772
"pdhl|EURUSD|{""rr"": 1.5}",pdhl,EURUSD,"{""rr"": 1.5}",0.5595885378398237,270,0.7444686159754885,-0.06077832418901204,274,0.9943026978074707,-0.0014790222534905215
"pdhl|EURUSD|{""rr"": 2.5}",pdhl,EURUSD,"{""rr"": 2.5}",0.5595885378398237,270,0.74164591770088,-0.06144970501167241,274,0.974139213620776,-0.0070357818438541294
"rsi2|EURUSD|{""lo"": 5, ""sl"": 1.5}",rsi2,EURUSD,"{""lo"": 5, ""sl"": 1.5}",0.31168258633357826,163,0.9369718482534818,-0.019069963521127404,140,0.8951628342848658,-0.032543279045718514
"rsi2|EURUSD|{""lo"": 5, ""sl"": 3.0}",rsi2,EURUSD,"{""lo"": 5, ""sl"": 3.0}",0.30962527553269653,163,0.9297907888739403,-0.01152906223140523,138,1.0651470669161447,0.009170208941672062
"rsi2|EURUSD|{""lo"": 10, ""sl"": 1.5}",rsi2,EURUSD,"{""lo"": 10, ""sl"": 1.5}",0.6233651726671565,304,0.9127088617636243,-0.02612749763082729,302,1.02694511236493,0.007673750297335157
"rsi2|EURUSD|{""lo"": 10, ""sl"": 3.0}",rsi2,EURUSD,"{""lo"": 10, ""sl"": 3.0}",0.620279206465834,303,0.8992991751125605,-0.016009928514416065,300,1.100905929993027,0.014243848259725472
"breakout|NAS100QQQ|{""n"": 20, ""sl"": 2.0}",breakout,NAS100QQQ,"{""n"": 20, ""sl"": 2.0}",0.17718910963944076,80,1.4180345046471583,0.19755330975207225,92,0.8303089980363452,-0.08886607420173097
"breakout|NAS100QQQ|{""n"": 20, ""sl"": 3.0}",breakout,NAS100QQQ,"{""n"": 20, ""sl"": 3.0}",0.13495217071376012,66,1.1319890867661533,0.06886709517284774,65,1.0434855782394197,0.02209320310466595
"breakout|NAS100QQQ|{""n"": 55, ""sl"": 2.0}",breakout,NAS100QQQ,"{""n"": 55, ""sl"": 2.0}",0.12362030905077263,58,2.019138403238768,0.3784412004720665,62,0.8492537756037403,-0.08754482668657057
"breakout|NAS100QQQ|{""n"": 55, ""sl"": 3.0}",breakout,NAS100QQQ,"{""n"": 55, ""sl"": 3.0}",0.0988962472406181,46,2.341059185066139,0.44915802732807425,50,1.0952683540503503,0.0449822329597365
"orb|NAS100QQQ|{""rr"": 1.0, ""width_min"": 0.0}",orb,NAS100QQQ,"{""rr"": 1.0, ""width_min"": 0.0}",0.7458425312729949,395,1.1107403958180513,0.025727683932352287,329,0.9443592907348504,-0.01076264205675438
"orb|NAS100QQQ|{""rr"": 1.0, ""width_min"": 0.5}",orb,NAS100QQQ,"{""rr"": 1.0, ""width_min"": 0.5}",0.7427520235467255,393,1.1124775260482127,0.02597242076682088,328,0.9298272306134024,-0.013614976937415217
"orb|NAS100QQQ|{""rr"": 2.0, ""width_min"": 0.0}",orb,NAS100QQQ,"{""rr"": 2.0, ""width_min"": 0.0}",0.7458425312729949,395,1.0917356014521278,0.02164427421460994,329,0.9241328825834921,-0.014685667436811154
"orb|NAS100QQQ|{""rr"": 2.0, ""width_min"": 0.5}",orb,NAS100QQQ,"{""rr"": 2.0, ""width_min"": 0.5}",0.7427520235467255,393,1.1162253793200005,0.0269572888622198,328,0.9072244795311294,-0.018013394468021037
"orb|NAS100QQQ|{""rr"": 3.0, ""width_min"": 0.0}",orb,NAS100QQQ,"{""rr"": 3.0, ""width_min"": 0.0}",0.7458425312729949,395,1.056051963938257,0.01337020453605815,329,0.8824694762254897,-0.023000789243180064
"orb|NAS100QQQ|{""rr"": 3.0, ""width_min"": 0.5}",orb,NAS100QQQ,"{""rr"": 3.0, ""width_min"": 0.5}",0.7427520235467255,393,1.0794783219465574,0.01864111195884077,328,0.8657450729675816,-0.02635386725550692
"pdhl|NAS100QQQ|{""rr"": 1.0}",pdhl,NAS100QQQ,"{""rr"": 1.0}",0.727299484915379,370,0.8682034177436301,-0.03556596852076781,336,1.015212931850438,0.0033542682353956787
"pdhl|NAS100QQQ|{""rr"": 1.5}",pdhl,NAS100QQQ,"{""rr"": 1.5}",0.727299484915379,370,0.9133402179042852,-0.023540295472696635,336,0.9889944913998483,-0.00247842033866277
"pdhl|NAS100QQQ|{""rr"": 2.5}",pdhl,NAS100QQQ,"{""rr"": 2.5}",0.727299484915379,370,0.9536422354282886,-0.012592640427672544,336,0.9519197114034542,-0.010827592751580057
"rsi2|NAS100QQQ|{""lo"": 5, ""sl"": 1.5}",rsi2,NAS100QQQ,"{""lo"": 5, ""sl"": 1.5}",0.14834437086092717,77,0.9108255855670038,-0.033952575203043636,67,0.5216561270417733,-0.24161539592896153
"rsi2|NAS100QQQ|{""lo"": 5, ""sl"": 3.0}",rsi2,NAS100QQQ,"{""lo"": 5, ""sl"": 3.0}",0.14216335540838854,76,1.2770486341502154,0.03945049746882093,62,0.5629227370161614,-0.11847158064678359
"rsi2|NAS100QQQ|{""lo"": 10, ""sl"": 1.5}",rsi2,NAS100QQQ,"{""lo"": 10, ""sl"": 1.5}",0.26681383370125095,133,0.8315031874395636,-0.06365935153261716,126,0.8004739107391243,-0.07927019538790933
"rsi2|NAS100QQQ|{""lo"": 10, ""sl"": 3.0}",rsi2,NAS100QQQ,"{""lo"": 10, ""sl"": 3.0}",0.25136129506990434,126,0.923286323713446,-0.013972388555064708,118,0.8355874444960484,-0.033902496266013764
"breakout|SOLUSD|{""n"": 20, ""sl"": 2.0}",breakout,SOLUSD,"{""n"": 20, ""sl"": 2.0}",0.5879588839941262,307,0.8296895930328104,-0.09202471876653685,265,1.158149937615356,0.09032703717215018
"breakout|SOLUSD|{""n"": 20, ""sl"": 3.0}",breakout,SOLUSD,"{""n"": 20, ""sl"": 3.0}",0.4759177679882525,241,0.956903104933354,-0.0224652768453253,222,1.3958963533013409,0.18873887669392636
"breakout|SOLUSD|{""n"": 55, ""sl"": 2.0}",breakout,SOLUSD,"{""n"": 55, ""sl"": 2.0}",0.379295154185022,198,0.7969351402636493,-0.1095087502258111,171,1.1223256116860691,0.07234542389883071
"breakout|SOLUSD|{""n"": 55, ""sl"": 3.0}",breakout,SOLUSD,"{""n"": 55, ""sl"": 3.0}",0.328928046989721,167,0.9061831556844432,-0.04744728888017649,153,1.2434229811387174,0.12561310039460316
"orb|SOLUSD|{""rr"": 1.0, ""width_min"": 0.0}",orb,SOLUSD,"{""rr"": 1.0, ""width_min"": 0.0}",1.1903083700440529,621,0.7468233493183225,-0.08964251835884304,537,0.8244224165182025,-0.057096781900528276
"orb|SOLUSD|{""rr"": 1.0, ""width_min"": 0.5}",orb,SOLUSD,"{""rr"": 1.0, ""width_min"": 0.5}",1.1533039647577092,600,0.7360094596473,-0.09339859835925829,522,0.860264667718676,-0.04411475868523817
"orb|SOLUSD|{""rr"": 2.0, ""width_min"": 0.0}",orb,SOLUSD,"{""rr"": 2.0, ""width_min"": 0.0}",1.1903083700440529,621,0.7621280428437175,-0.08855038907259939,537,0.826278620183909,-0.05846649233287006
"orb|SOLUSD|{""rr"": 2.0, ""width_min"": 0.5}",orb,SOLUSD,"{""rr"": 2.0, ""width_min"": 0.5}",1.1533039647577092,600,0.7607575589854487,-0.08863580505214258,522,0.8560981365472707,-0.046971253048692374
"orb|SOLUSD|{""rr"": 3.0, ""width_min"": 0.0}",orb,SOLUSD,"{""rr"": 3.0, ""width_min"": 0.0}",1.1903083700440529,621,0.7686382742898406,-0.0867659756403619,537,0.839103123947536,-0.054406561483413066
"orb|SOLUSD|{""rr"": 3.0, ""width_min"": 0.5}",orb,SOLUSD,"{""rr"": 3.0, ""width_min"": 0.5}",1.1533039647577092,600,0.7598094490756584,-0.08967376549972136,522,0.8666284336870811,-0.04375251192578356
"pdhl|SOLUSD|{""rr"": 1.0}",pdhl,SOLUSD,"{""rr"": 1.0}",0.8110132158590309,400,0.9633069074568852,-0.0065497938441004076,389,0.7955711996462909,-0.04320775545336962
"pdhl|SOLUSD|{""rr"": 1.5}",pdhl,SOLUSD,"{""rr"": 1.5}",0.8110132158590309,400,0.9422768709178324,-0.010447194382274719,389,0.8273299862627396,-0.036495267373192086
"pdhl|SOLUSD|{""rr"": 2.5}",pdhl,SOLUSD,"{""rr"": 2.5}",0.8110132158590309,400,0.9562410832969016,-0.008036040875841269,389,0.8322631824012873,-0.03545259465785513
"rsi2|SOLUSD|{""lo"": 5, ""sl"": 1.5}",rsi2,SOLUSD,"{""lo"": 5, ""sl"": 1.5}",0.44816446402349486,219,0.8327283067019787,-0.05958443601523113,217,0.8313946180689713,-0.057152111835854766
"rsi2|SOLUSD|{""lo"": 5, ""sl"": 3.0}",rsi2,SOLUSD,"{""lo"": 5, ""sl"": 3.0}",0.43788546255506605,216,0.8092546410164997,-0.03699487591170792,210,0.7951505925388564,-0.03784601815548468
"rsi2|SOLUSD|{""lo"": 10, ""sl"": 1.5}",rsi2,SOLUSD,"{""lo"": 10, ""sl"": 1.5}",0.9117474302496329,489,0.8297116136593696,-0.05946499149007851,398,0.6952995329377608,-0.1184278401205494
"rsi2|SOLUSD|{""lo"": 10, ""sl"": 3.0}",rsi2,SOLUSD,"{""lo"": 10, ""sl"": 3.0}",0.8788546255506607,477,0.8309326005797277,-0.031131640390084092,378,0.736233116549273,-0.05173082504756608
"breakout|XAUUSD|{""n"": 20, ""sl"": 2.0}",breakout,XAUUSD,"{""n"": 20, ""sl"": 2.0}",0.39808963997060987,177,0.98090696436384,-0.009559520810951638,210,1.7657613252058142,0.3585365858929615
"breakout|XAUUSD|{""n"": 20, ""sl"": 3.0}",breakout,XAUUSD,"{""n"": 20, ""sl"": 3.0}",0.30345334313005146,134,1.2286518409561777,0.09773017632813322,161,1.921281605190021,0.3829605460511335
"breakout|XAUUSD|{""n"": 55, ""sl"": 2.0}",breakout,XAUUSD,"{""n"": 55, ""sl"": 2.0}",0.27670830271858926,126,0.8856468946102601,-0.06240823146369666,143,1.9384454544087892,0.4315923862022559
"breakout|XAUUSD|{""n"": 55, ""sl"": 3.0}",breakout,XAUUSD,"{""n"": 55, ""sl"": 3.0}",0.23350477590007349,101,1.0467239580689969,0.022522404640264563,126,1.684005293405883,0.29908606950109207
"orb|XAUUSD|{""rr"": 1.0, ""width_min"": 0.0}",orb,XAUUSD,"{""rr"": 1.0, ""width_min"": 0.0}",0.7900073475385746,396,0.6066325666145562,-0.23372437236606555,372,0.8285900881084649,-0.08526889472078727
"orb|XAUUSD|{""rr"": 1.0, ""width_min"": 0.5}",orb,XAUUSD,"{""rr"": 1.0, ""width_min"": 0.5}",0.6953710506980162,334,0.6666056264999168,-0.18772531004450313,342,0.8413160802148023,-0.07765984916882115
"orb|XAUUSD|{""rr"": 2.0, ""width_min"": 0.0}",orb,XAUUSD,"{""rr"": 2.0, ""width_min"": 0.0}",0.7900073475385746,396,0.533144207029967,-0.33040231602543335,372,0.9218152403715838,-0.044959495644261965
"orb|XAUUSD|{""rr"": 2.0, ""width_min"": 0.5}",orb,XAUUSD,"{""rr"": 2.0, ""width_min"": 0.5}",0.6953710506980162,334,0.5550099714576886,-0.30312280389901486,342,0.9345751169156415,-0.03673851450078777
"orb|XAUUSD|{""rr"": 3.0, ""width_min"": 0.0}",orb,XAUUSD,"{""rr"": 3.0, ""width_min"": 0.0}",0.7900073475385746,396,0.5783016283191098,-0.3033849976122421,372,0.9675031801760205,-0.018778403598392633
"orb|XAUUSD|{""rr"": 3.0, ""width_min"": 0.5}",orb,XAUUSD,"{""rr"": 3.0, ""width_min"": 0.5}",0.6953710506980162,334,0.6030937623369363,-0.27322887462554774,342,0.9519935572073271,-0.027104240241668024
"pdhl|XAUUSD|{""rr"": 1.0}",pdhl,XAUUSD,"{""rr"": 1.0}",0.46700955180014697,215,0.6644736815168847,-0.12807329493933736,239,1.2181147853078913,0.05271048125796045
"pdhl|XAUUSD|{""rr"": 1.5}",pdhl,XAUUSD,"{""rr"": 1.5}",0.46700955180014697,215,0.7700017643003005,-0.08779231390689606,239,1.0268281817497271,0.007169637637418055
"pdhl|XAUUSD|{""rr"": 2.5}",pdhl,XAUUSD,"{""rr"": 2.5}",0.46700955180014697,215,0.7580959219636592,-0.09348185021484184,239,1.0387611745155902,0.01035864369303874
"rsi2|XAUUSD|{""lo"": 5, ""sl"": 1.5}",rsi2,XAUUSD,"{""lo"": 5, ""sl"": 1.5}",0.35282880235121233,181,1.3531862445550922,0.09586985280233146,162,0.9846246373042756,-0.005502728585451587
"rsi2|XAUUSD|{""lo"": 5, ""sl"": 3.0}",rsi2,XAUUSD,"{""lo"": 5, ""sl"": 3.0}",0.33739897134459956,174,1.4247767575836496,0.05729157425615054,154,1.112705232597029,0.01913789932299223
"rsi2|XAUUSD|{""lo"": 10, ""sl"": 1.5}",rsi2,XAUUSD,"{""lo"": 10, ""sl"": 1.5}",0.6593681116825864,352,1.1131951311097956,0.03572147930565483,289,1.0356504433702927,0.012253944264736263
"rsi2|XAUUSD|{""lo"": 10, ""sl"": 3.0}",rsi2,XAUUSD,"{""lo"": 10, ""sl"": 3.0}",0.633651726671565,340,1.258833334583009,0.03899621246502916,276,1.008755799697129,0.0016274485771722125
"breakout|XRPUSD|{""n"": 20, ""sl"": 2.0}",breakout,XRPUSD,"{""n"": 20, ""sl"": 2.0}",0.5766519823788546,267,1.0266678259450532,0.014285286390451056,294,1.2300791213613806,0.13107256173056755
"breakout|XRPUSD|{""n"": 20, ""sl"": 3.0}",breakout,XRPUSD,"{""n"": 20, ""sl"": 3.0}",0.47180616740088105,220,1.0612300857297214,0.030520350218255138,239,1.1704962773417669,0.09419586910393449
"breakout|XRPUSD|{""n"": 55, ""sl"": 2.0}",breakout,XRPUSD,"{""n"": 55, ""sl"": 2.0}",0.3618208516886931,166,0.6731359833356385,-0.19697900163256615,186,1.3688146949713593,0.21093153568708137
"breakout|XRPUSD|{""n"": 55, ""sl"": 3.0}",breakout,XRPUSD,"{""n"": 55, ""sl"": 3.0}",0.3196769456681351,147,0.6896875580284678,-0.17385479047575916,164,1.2711914141343856,0.15231327255587715
"orb|XRPUSD|{""rr"": 1.0, ""width_min"": 0.0}",orb,XRPUSD,"{""rr"": 1.0, ""width_min"": 0.0}",1.1903083700440529,626,0.6008390751156449,-0.16090177080904847,532,0.7113937393510026,-0.10059394362415282
"orb|XRPUSD|{""rr"": 1.0, ""width_min"": 0.5}",orb,XRPUSD,"{""rr"": 1.0, ""width_min"": 0.5}",1.136857562408223,592,0.6202494161826296,-0.1468074109847636,514,0.717970221920203,-0.09716813862991103
"orb|XRPUSD|{""rr"": 2.0, ""width_min"": 0.0}",orb,XRPUSD,"{""rr"": 2.0, ""width_min"": 0.0}",1.1903083700440529,626,0.6329949355328188,-0.15800940254354345,532,0.6860298772258221,-0.11413148668575814
"orb|XRPUSD|{""rr"": 2.0, ""width_min"": 0.5}",orb,XRPUSD,"{""rr"": 2.0, ""width_min"": 0.5}",1.136857562408223,592,0.6326604276888953,-0.15221366992205285,514,0.700621232781594,-0.1064236445669366
"orb|XRPUSD|{""rr"": 3.0, ""width_min"": 0.0}",orb,XRPUSD,"{""rr"": 3.0, ""width_min"": 0.0}",1.1903083700440529,626,0.6030325932765296,-0.17196884649526697,532,0.6881624986876561,-0.11403733402618275
"orb|XRPUSD|{""rr"": 3.0, ""width_min"": 0.5}",orb,XRPUSD,"{""rr"": 3.0, ""width_min"": 0.5}",1.136857562408223,592,0.5826388183065497,-0.1741189570546032,514,0.7062315380328908,-0.10509336697105762
"pdhl|XRPUSD|{""rr"": 1.0}",pdhl,XRPUSD,"{""rr"": 1.0}",0.733920704845815,358,0.811805859522117,-0.04061733020147732,356,0.7003220736492478,-0.0697462182118958
"pdhl|XRPUSD|{""rr"": 1.5}",pdhl,XRPUSD,"{""rr"": 1.5}",0.733920704845815,358,0.814916774479554,-0.04024084333707282,356,0.7617985445033927,-0.05543835308714875
"pdhl|XRPUSD|{""rr"": 2.5}",pdhl,XRPUSD,"{""rr"": 2.5}",0.733920704845815,358,0.8385318038076418,-0.035106457479468535,356,0.8138837642443786,-0.043316181975294965
"rsi2|XRPUSD|{""lo"": 5, ""sl"": 1.5}",rsi2,XRPUSD,"{""lo"": 5, ""sl"": 1.5}",0.41938325991189424,204,0.723390778664827,-0.10507590475525239,204,0.5424151239053563,-0.20242398547214024
"rsi2|XRPUSD|{""lo"": 5, ""sl"": 3.0}",rsi2,XRPUSD,"{""lo"": 5, ""sl"": 3.0}",0.4029368575624082,195,0.8501259124770562,-0.02654144790621312,197,0.5417339690395818,-0.10669229793056903
"rsi2|XRPUSD|{""lo"": 10, ""sl"": 1.5}",rsi2,XRPUSD,"{""lo"": 10, ""sl"": 1.5}",0.8531571218795888,435,0.7378733696556506,-0.0999916201463766,395,0.6901082260358706,-0.1201454782724706
"rsi2|XRPUSD|{""lo"": 10, ""sl"": 3.0}",rsi2,XRPUSD,"{""lo"": 10, ""sl"": 3.0}",0.8254038179148311,420,0.774590216291808,-0.04329196034562559,383,0.6601610251274456,-0.07158317509580674
