variant,vol_target,lev,is_total_pct,is_cagr_pct,is_maxdd_pct,is_sharpe,oos_total_pct,oos_cagr_pct,oos_maxdd_pct,oos_sharpe
rotation_14d_top1_every7,,1,65.91067325194105,18.383572555936457,-65.46538778965034,0.5877646577179941,17.38762625438397,9.749075287530108,-48.30212437205721,0.4400033637663996
rotation_14d_top1_every7,,2,-82.8078973252992,-44.39553514507393,-96.97711734394059,0.20783847076844222,-65.29330853281412,-45.886185887205336,-83.34763557712544,-0.06557666238555113
rotation_14d_top1_every7,,3,-99.34138011289153,-81.25530924026539,-99.91011753966595,-0.0312937752124295,-86.14601317517702,-68.24093468168859,-92.91020370571516,-0.05051817101037574
rotation_14d_top1_every14,,1,-9.671736118641727,-3.3338205230436513,-71.37196381685087,0.3103737023146434,45.136557782885454,24.130027115422514,-47.676521328306606,0.6640684951966964
rotation_14d_top1_every14,,2,-96.88536123887968,-68.5368238786187,-99.28010160271378,-0.21656446862195355,-52.090057397812636,-34.75376962600857,-84.35635922783149,0.07815537334948798
rotation_14d_top1_every14,,3,-99.96602513854639,-93.02218852711033,-99.99173180891805,-0.5963979198746984,-89.36567397685783,-72.75961395651974,-96.55069160468071,-0.17987172469619941
rotation_14d_top2_every7,,1,771.7544685954321,105.80917293849113,-40.971969375482445,1.5308113449713776,8.92504948149484,5.085967981916784,-46.87521486584685,0.3367811550742044
rotation_14d_top2_every7,,2,618.2569905898837,92.94193091264822,-76.02777843387447,1.136083662107114,-51.74795585390729,-34.48382297216024,-80.6380816500146,0.0465848775692677
rotation_14d_top2_every7,,3,194.29140902098916,43.30429099440385,-91.88433409447939,1.033024735111212,-73.29948248863859,-53.525224368053145,-90.416544767701,0.11966063491765155
rotation_14d_top2_every14,,1,258.0697427964046,52.98747427558874,-48.79364698225397,1.0220715193353127,35.65685430703973,19.358708545525683,-45.11519869974416,0.6122718629465684
rotation_14d_top2_every14,,2,63.57254877144987,17.824825966350378,-82.14360879825784,0.7172334145880211,-24.98294203969358,-15.36361783617256,-79.40457262292608,0.3054648773949045
rotation_14d_top2_every14,,3,-84.09930618632441,-45.82419686658715,-98.62626870941162,0.48195291159701564,-55.52602782436007,-37.511408949564284,-91.42685980400474,0.3247077417169586
rotation_14d_top3_every7,,1,405.0860200932081,71.57543792744576,-45.57225959531582,1.3185721763820017,18.43910274601135,10.318461110699296,-36.360812344517115,0.4430017173854959
rotation_14d_top3_every7,,2,888.830573736524,114.63833725407065,-75.08227157881102,1.253221992081296,-1.0523409515975524,-0.6120142432832432,-60.53809991554257,0.39508711724587786
rotation_14d_top3_every7,,3,30.16741998090593,9.18611974018473,-92.00002595231454,0.8405193275152884,-67.29058061685902,-47.71569264280443,-87.88583781516158,0.12128763165625965
rotation_14d_top3_every14,,1,210.00967296992079,45.81149014269168,-53.36678540061612,0.9890752143632908,28.556270219936962,15.69252829937744,-37.53260197438393,0.5521826313914453
rotation_14d_top3_every14,,2,173.20235567554656,39.79602194357889,-81.44813301614275,0.8374980563182551,-3.996709878601845,-2.339064818343206,-69.5524466436677,0.39609092321523115
rotation_14d_top3_every14,,3,-70.147336558206,-33.16647594345403,-95.92441883632992,0.5433364972930335,-69.60830898339452,-49.898606819824806,-93.32449014656244,0.15162586989010488
rotation_14d_top4_every7,,1,395.1030255975269,70.43751497527226,-43.603548751533005,1.4238373027917217,13.951387146920924,7.873211618647202,-37.7673419310937,0.391361279238515
rotation_14d_top4_every7,,2,733.1742457902117,102.72716433041755,-72.44735144707278,1.2368140326093604,-16.266579148643313,-9.789049251024462,-66.70728388621443,0.2742947145316989
rotation_14d_top4_every7,,3,404.9880150085577,71.5643399148581,-88.4397848403054,1.0886708991290117,-36.710387477062255,-23.31402194567974,-81.15955439591585,0.35199017437362723
rotation_14d_top4_every14,,1,189.3124733473608,42.4915309787556,-53.60421496021587,1.0047875378402067,20.831846942274,11.60630699477947,-36.42612085945517,0.47732957539323057
rotation_14d_top4_every14,,2,191.4466209563868,42.8410415129336,-81.31693761619204,0.8537756475414477,-20.816764204808948,-12.667021077980479,-68.27274691094732,0.250908136671915
rotation_14d_top4_every14,,3,-11.425409366542416,-3.9634866060384577,-93.54363440912672,0.6855041647580352,-38.40015792362914,-24.50886559046802,-83.44220892550835,0.3591814003780027
rotation_30d_top1_every7,,1,34.32660112350667,10.336873919362644,-68.31006491214677,0.5016685587510064,-35.01698163076241,-22.129966859488714,-55.90049365554219,-0.2658494813361632
rotation_30d_top1_every7,,2,-98.0758064676097,-73.20320111194607,-99.35560232792318,-0.2532436431749122,-69.59704157965886,-49.88782909159741,-81.35324437435312,-0.3039334515638907
rotation_30d_top1_every7,,3,-99.90735113797784,-90.25130021205285,-99.98412789153646,-0.3123834754433642,-91.74951933954054,-76.49025622969562,-95.94567028472323,-0.47918444324299453
rotation_30d_top1_every14,,1,0.3818080787170608,0.12710772737543063,-73.94371208562589,0.36752325938663266,-40.52194720888175,-26.028855480656244,-55.99710898217703,-0.40602653197153404
rotation_30d_top1_every14,,2,-97.14091226166882,-69.42199403832277,-99.04891813110692,-0.18721398671966535,-74.584106729864,-54.836158025009695,-83.59028071395173,-0.4608874748947742
rotation_30d_top1_every14,,3,-99.81704385701028,-87.76936519669948,-99.96899660644205,-0.22268259114866068,-93.78826567972935,-80.06032288285165,-96.6435469025172,-0.6605779792823409
rotation_30d_top2_every7,,1,210.8703590299605,45.946305242459395,-47.95625508573236,0.9277764040729353,-10.745435599818265,-6.383688862594106,-44.813904410722536,0.09499417232305689
rotation_30d_top2_every7,,2,-3.656947223910889,-1.2341510367533282,-84.78609110518104,0.6019810815105149,-54.828393638466075,-36.944460821021295,-79.21482952631726,-0.04707365577323403
rotation_30d_top2_every7,,3,-93.26190057993426,-59.3076780817761,-98.5102350601411,0.3563864387592092,-76.27801582063077,-56.60808922708607,-90.44696144787319,0.020715887623848014
rotation_30d_top2_every14,,1,130.44119707686903,32.08496157869099,-56.05932797008092,0.7678092362419879,-35.76659440260529,-22.652489983814526,-54.955961865607705,-0.3329398598130374
rotation_30d_top2_every14,,2,-43.40903542420717,-17.285363509705842,-87.20596669076724,0.4407413919887497,-74.42016547811335,-54.66733585582577,-86.77537963948183,-0.45362544623673534
rotation_30d_top2_every14,,3,-96.94475233191902,-68.738092497429,-99.45620523177891,0.17644707184309064,-91.26524885925265,-75.69910157178248,-96.16172338456279,-0.45310606054220887
rotation_30d_top3_every7,,1,354.2895732841605,65.61929172719903,-37.443268759469476,1.2402426084644107,-10.869041833635906,-6.458942927516365,-37.37563255914349,0.08524805007974479
rotation_30d_top3_every7,,2,437.4729278152407,75.16696205090325,-72.69555625533506,1.0677806321330154,-45.433824448729354,-29.63764689192806,-69.69233593905007,0.012106072106021496
rotation_30d_top3_every7,,3,-35.519923959758316,-13.60767134500971,-89.68196946479966,0.7327056325389854,-84.19559312434066,-65.71832190288582,-92.255591900268,-0.17820733318886178
rotation_30d_top3_every14,,1,148.77300652098012,35.498478402502734,-47.649462605277634,0.8670694480893274,-27.105458254338856,-16.76158278226787,-45.479994870043036,-0.20872985558034718
rotation_30d_top3_every14,,2,22.702493405948942,7.057672175038854,-81.92980637929446,0.5982089309042065,-54.53341081155134,-36.70584297532914,-73.41918972557026,-0.19074127703847105
rotation_30d_top3_every14,,3,-89.5751686661709,-52.935908572843495,-95.52729031180458,0.31908968160867557,-85.25313961724058,-67.06877715936447,-92.97054508882032,-0.36217007585881944
rotation_30d_top4_every7,,1,308.3217858159893,59.83339243366721,-40.88921930382436,1.2232614990697581,-6.29505910322441,-3.70268810074732,-40.75851109758785,0.15347063490496568
rotation_30d_top4_every7,,2,277.16781041693883,55.66042320187859,-71.83805474118407,0.9625866227268706,-45.74484235984298,-29.87065178060677,-69.79124496987828,0.046543859200392806
rotation_30d_top4_every7,,3,51.34482034682439,14.812503632599139,-89.55038699675629,0.8631545963278839,-56.333034432881576,-38.1719184525379,-81.4917227331931,0.2126198739521504
rotation_30d_top4_every14,,1,156.83592661185037,36.94681129405184,-47.25954057424177,0.9040889136400568,-22.768582964962846,-13.922744369040952,-44.03831464309438,-0.11051064120456608
rotation_30d_top4_every14,,2,28.948785811771693,8.844315466480301,-82.20451199546552,0.6169400724092456,-62.75199181968926,-43.621043353380614,-79.6260404154315,-0.23511973693275187
rotation_30d_top4_every14,,3,-68.61661785069046,-32.04314866170701,-95.07648316114782,0.5332449060892622,-74.20522176848942,-54.44667921805725,-88.92280272373961,-0.07794370531013303
rotation_60d_top1_every7,,1,-58.12267972563156,-25.184262539489556,-77.9281526699969,-0.032660162999951406,-27.31274046447063,-16.899016244959743,-61.28119643375527,-0.0924784690582688
rotation_60d_top1_every7,,2,-99.86429887044363,-88.92880532179686,-99.89049738855462,-0.9565686522847073,-78.78037775183554,-59.32616059598026,-90.61772916958503,-0.40027190784450023
rotation_60d_top1_every7,,3,-99.99649872372736,-96.72853614075368,-99.99880663843173,-0.9542934573142017,-91.854224116468,-76.66385211829292,-96.99027627086969,-0.3520887280033619
rotation_60d_top1_every14,,1,-31.955392513038085,-12.044182179290875,-69.4185401373561,0.17386153935498738,-9.307186249782163,-5.511244966606088,-54.04440562355288,0.12812689584885772
rotation_60d_top1_every14,,2,-99.495785567967,-82.8523310403248,-99.66285733756128,-0.6463493575409227,-65.68340891602634,-46.23997315248152,-85.27770328155881,-0.19558225370215002
rotation_60d_top1_every14,,3,-99.98399401640374,-94.57048810202619,-99.99488498086164,-0.6833996984040404,-79.79300466346369,-60.464042029132116,-92.5338636578805,-0.060388355550752844
rotation_60d_top2_every7,,1,157.47147634715571,37.05967818367928,-51.568707231173235,0.8048450868318999,7.272595680706995,4.1579018186225225,-38.995169472149605,0.3214030639433279
rotation_60d_top2_every7,,2,-48.51126857133394,-19.849900845651536,-86.94299031237347,0.467482833136827,-12.366241941490763,-7.373974899645807,-67.79387983972691,0.3339825455821345
rotation_60d_top2_every7,,3,-98.37648191608316,-74.67871682168375,-99.53037522363054,0.17043061314017627,-65.1212065537034,-45.73063521303135,-89.89311048839426,0.15862755995183708
rotation_60d_top2_every14,,1,160.09761054516935,37.524092403386874,-50.038485657972245,0.8302340849545523,-23.452627313129426,-14.365976018303828,-53.53956882180504,-0.0900984728405728
rotation_60d_top2_every14,,2,-35.28140860956697,-13.501279094756757,-85.76053596430157,0.5023093972037906,-44.80140078695779,-29.16556717923282,-77.49852762633188,0.003359162781124506
rotation_60d_top2_every14,,3,-97.69151208970015,-71.52638983186989,-99.14147469620102,0.17677887288000133,-78.66540216196432,-59.19841894015854,-93.06596610472005,-0.12280682046110403
rotation_60d_top3_every7,,1,251.92720554192474,52.107611576328175,-42.79932936836316,1.029690320411072,7.591337382080221,4.33738097897145,-46.41258491426504,0.33244940350986096
rotation_60d_top3_every7,,2,113.0488051969793,28.674661465206874,-79.52177676792664,0.7946302082172358,-19.07874545200291,-11.559741649631516,-66.54203713583486,0.3019457132859147
rotation_60d_top3_every7,,3,-84.10400517298325,-45.82953408562736,-94.04960254617181,0.5122678629948644,-58.93937461818746,-40.34096844451659,-87.88490443460628,0.23894570855283873
rotation_60d_top3_every14,,1,219.488810233942,47.28274982496301,-43.87841922038653,0.9913290202340039,6.186084674784054,3.5444134205618427,-46.50851923646088,0.3126061128838788
rotation_60d_top3_every14,,2,61.40635448753435,17.302394160799395,-80.40282803686934,0.707480871477102,-22.777229506016493,-13.928336653312645,-68.84982666950144,0.25343514914478904
rotation_60d_top3_every14,,3,-87.34428480676668,-49.79323594840912,-93.04799557824171,0.44675260467001765,-59.13971406820813,-40.51005334175205,-87.93313238131562,0.20415011201141012
rotation_60d_top4_every7,,1,228.84430483076486,48.706553488948856,-37.483900709774254,1.0519340518122444,-8.06834579434238,-4.7644074588435785,-47.465978845676574,0.12945063807869436
rotation_60d_top4_every7,,2,127.18561685191699,31.45999483815536,-70.2940229521612,0.7959709715883684,-38.15551055100116,-24.335030403285927,-71.45808204007325,0.1287023529052258
rotation_60d_top4_every7,,3,-58.72484508714568,-25.544593801268213,-90.15870555989464,0.6070436081345547,-55.01788155692036,-37.09808669329476,-82.2382758170558,0.22878327383930833
rotation_60d_top4_every14,,1,231.60667367415263,49.12178288435436,-39.625478270800315,1.068174934886734,-8.417133865084258,-4.974245548002121,-45.313117507880406,0.12008449227738677
rotation_60d_top4_every14,,2,177.3405594293122,40.49831930704193,-71.44286547448753,0.8482688537119984,-47.8536970741867,-31.465583157345122,-74.84336128199996,0.010082073839999801
rotation_60d_top4_every14,,3,-53.626541921943584,-22.597231569900178,-88.98238082987562,0.6282106752794124,-58.53336431966662,-39.99935734208423,-84.75015812125015,0.1761819663401176
reversion_rsi2_10_60_sma100,,1,3.1147120066858935,1.0276407068298132,-10.453875942114244,0.1490978555259958,8.220022357411017,4.690732133346032,-9.959731191209142,0.5720446529246007
reversion_rsi2_10_60_sma100,,2,2.8292761398348576,0.9343350383842042,-20.458720847104072,0.14909785552599356,15.636464125482652,8.796028421035906,-19.31383927027539,0.5720446529245972
reversion_rsi2_10_60_sma100,,3,-9.230195599321544,-3.176569345587421,-29.9382472793858,0.07054610859106164,5.509380582147805,3.160986791948006,-37.08531037881115,0.24839235907124393
reversion_rsi2_10_60_sma100,0.5,1,1.8051567876212093,0.5981341515366001,-6.244433814684025,0.11973886482833411,9.296082890629354,5.293536811656252,-5.884078415388427,0.7674053564647783
reversion_rsi2_10_60_sma100,0.5,2,2.080527483897554,0.6887544433606729,-12.268998410146658,0.11973886482832775,18.462316143214895,10.331007424523042,-11.682732216411951,0.7674053564647633
reversion_rsi2_10_60_sma100,0.5,3,-16.097101659834458,-5.682491230566066,-31.55743291571139,-0.08430270518639879,27.349933701775985,15.061308020111163,-17.371554384967357,0.7674053564647564
reversion_rsi2_10_60_sma200,,1,6.704787041388061,2.1867612039288,-10.49429151935467,0.252305053685132,4.4271742348606535,2.54564688912986,-9.541735624504366,0.32358837750163794
reversion_rsi2_10_60_sma200,,2,9.865279342496791,3.185852070220996,-21.126415875254956,0.25230505368512757,-2.189361574092341,-1.276354675599678,-18.572078155302187,0.03928087949339901
reversion_rsi2_10_60_sma200,,3,-0.03222718646447298,-0.01074354968542135,-31.61444464765455,0.17230875223085088,-11.811665353025925,-7.034279302251544,-36.42163170772871,-0.12536506996025673
reversion_rsi2_10_60_sma200,0.5,1,4.567032561457518,1.499739558313995,-6.342568878461908,0.23926028850276015,4.07084503567352,2.34245390218617,-5.542545944327171,0.3967369796772699
reversion_rsi2_10_60_sma200,0.5,2,7.536623719846158,2.451612686166782,-12.645196273677527,0.23926028850276784,-1.8041794977716408,-1.0509385472927457,-13.226326982884418,0.012208816683918326
reversion_rsi2_10_60_sma200,0.5,3,-19.635753655128106,-7.027546469256629,-40.0498633632547,-0.06119324810274617,3.026303725070334,1.7451260871448548,-16.33441037612754,0.1885151321999938
reversion_rsi2_10_70_sma100,,1,1.080800891240563,0.35897677849516807,-12.43342078406392,0.08880771064723908,8.754104534252516,4.990235665769105,-11.635430723675444,0.5116995835605218
reversion_rsi2_10_70_sma100,,2,-1.8833997824928117,-0.6317830194659368,-23.78542903584754,0.08880771064723937,16.0696183753098,9.032327546032626,-22.466903389247083,0.5116995835605264
reversion_rsi2_10_70_sma100,,3,-16.30854000544738,-5.761785723401058,-38.04346044758189,0.019309262431685056,5.166275621638827,2.9661861596150363,-41.60145339656709,0.2480766562310671
reversion_rsi2_10_70_sma100,0.5,1,0.9957707506927926,0.3308279055945329,-8.611469964704598,0.08138356937960266,9.045508996006246,5.153389657393914,-6.28369655439065,0.6432049312076139
reversion_rsi2_10_70_sma100,0.5,2,0.0813526071348658,0.027110185425915923,-17.00875070269695,0.0813835693795968,17.526484136175124,9.824390645015013,-12.522782707373349,0.6432049312076195
reversion_rsi2_10_70_sma100,0.5,3,-19.017120849332336,-6.789592995232985,-37.82947030074333,-0.09969610832928735,25.227499960180587,13.944611141986352,-18.67639978570694,0.6432049312076119
reversion_rsi2_10_70_sma200,,1,1.4834368011863441,0.49205379322265763,-14.531088980683737,0.1008527855963172,6.594061807961071,3.7750814642719677,-10.980853163869808,0.4026826527111765
reversion_rsi2_10_70_sma200,,2,-1.4017475969581028,-0.4694495794402953,-28.3354719627258,0.1008527855963108,1.4153925166095371,0.8189092989715929,-21.35713926766917,0.15084915648050667
reversion_rsi2_10_70_sma200,,3,-16.016429750963923,-5.6522724247214935,-41.09828345683532,0.033336670345313874,-7.540637500557978,-4.447561412279189,-40.004186898698,0.01771911833479063
reversion_rsi2_10_70_sma200,0.5,1,0.7140772472525425,0.23746142347587096,-8.08457846896733,0.07029720373847012,5.813345863533659,3.333343553741086,-5.848887437806571,0.47815704776658735
reversion_rsi2_10_70_sma200,0.5,2,-0.6854445070218929,-0.22900553737343898,-15.88034374470767,0.07029720373848083,1.2615434546630055,0.7301296285539438,-13.226326982884428,0.1303078157284802
reversion_rsi2_10_70_sma200,0.5,3,-29.14992875290513,-10.851625166221169,-42.378201808795104,-0.16706220652284662,7.500699338525196,4.286366651068807,-17.43369393109586,0.2953105043839482
reversion_rsi2_20_60_sma100,,1,8.273628939283672,2.685131671589658,-15.766208393136793,0.24610291061688838,0.4601509061107345,0.26676191681964667,-14.388876595156264,0.08684735300918803
reversion_rsi2_20_60_sma100,,2,8.85397774180252,2.8682696346239434,-30.512798989388823,0.24610291061688133,-8.191954724357986,-4.83873484910079,-27.85363951567561,-0.03559791821006445
reversion_rsi2_20_60_sma100,,3,-7.197172434322896,-2.4590301251706803,-43.91075431040444,0.19128917599211512,-22.24594018659274,-13.585203511089572,-47.814651635697004,-0.14948924483602913
reversion_rsi2_20_60_sma100,0.5,1,8.542771808467432,2.770144994239576,-9.857489932903352,0.3170707607876649,2.2607863706344933,1.3057445416381874,-9.632861241019219,0.17504966557331117
reversion_rsi2_20_60_sma100,0.5,2,14.123387482752324,4.502067977284474,-19.364412166663193,0.3170707607876679,2.5759968998083194,1.4868315389077846,-18.54878396139573,0.1750496655733137
reversion_rsi2_20_60_sma100,0.5,3,-3.6436663133142533,-1.2296129474146822,-37.75904274735073,0.1475043684859188,-6.506376890705468,-3.8287650381870764,-32.35993095164259,0.04659206528318697
reversion_rsi2_20_60_sma200,,1,4.736886951849928,1.5546671635565223,-15.582842334480596,0.17664726105989498,-4.409121529633186,-2.58273368665507,-16.62132004928877,-0.12504259275341847
reversion_rsi2_20_60_sma200,,2,1.918308248958489,0.6353903236743008,-30.711643170579617,0.17664726105989353,-25.826264759082996,-15.917046846006421,-37.491414114317934,-0.3661800834056262
reversion_rsi2_20_60_sma200,,3,-15.86577039431807,-5.595888870300492,-44.8032999238743,0.12283564760061932,-38.59884025967,-24.65025345614724,-52.10955005263782,-0.43739185483532783
reversion_rsi2_20_60_sma200,0.5,1,6.559764809724289,2.140446284388231,-11.953932182432702,0.25867461468307307,-1.6936128605606116,-0.9863013648810481,-10.522555671071176,-0.05071488315228801
reversion_rsi2_20_60_sma200,0.5,2,9.996158564837376,3.2268098840323,-23.22959417418653,0.2586746146830739,-13.60162960136595,-8.133948670161551,-24.32960360881128,-0.25944248137790404
reversion_rsi2_20_60_sma200,0.5,3,-19.31668600909413,-6.904667075639037,-51.37773369489111,0.021772936686067963,-23.310754837788227,-14.27391248775135,-36.89923502622487,-0.26926276407855454
reversion_rsi2_20_70_sma100,,1,14.87706892921452,4.731610529373165,-16.145061050701827,0.3546816557638445,-4.756854453414128,-2.788530906121167,-17.062153212636332,-0.10095896242123674
reversion_rsi2_20_70_sma100,,2,20.913939703154117,6.534954311607422,-30.477862560417933,0.3546816557638444,-18.637647103763022,-11.280314087554045,-35.19875310098299,-0.19796573832516576
reversion_rsi2_20_70_sma100,,3,6.484384647503272,2.1163559546015343,-45.43298528259028,0.3024154052762063,-41.464265742557735,-26.711191010448797,-57.80512649841245,-0.36953311350766715
reversion_rsi2_20_70_sma100,0.5,1,11.079788873330365,3.5646834029107177,-10.669022964266361,0.3677915770033,-2.2790022225436912,-1.3288675575209519,-12.532140424690096,-0.046489611744943656
reversion_rsi2_20_70_sma100,0.5,2,18.786122694327222,5.9063260167922405,-21.142748785315746,0.36779157700329473,-6.966677310415436,-4.103805329867272,-24.274175876468462,-0.046489611744946584
reversion_rsi2_20_70_sma100,0.5,3,1.3781481519095973,0.4572884029747426,-42.987193986995464,0.20799870526196726,-20.332405933065832,-12.357423377952104,-41.004568880782955,-0.14968422207735618
reversion_rsi2_20_70_sma200,,1,6.1196530758259815,1.9996325361059997,-18.31463940636988,0.2012516006968954,-7.311236494875583,-4.310061476120652,-18.606657190423892,-0.20735367100727212
reversion_rsi2_20_70_sma200,,2,3.2480595896970943,1.0711714775204717,-34.26117459568715,0.2012516006968921,-31.504860878430165,-19.714775296569986,-43.34212482347621,-0.40745469159015374
reversion_rsi2_20_70_sma200,,3,-15.90780993079206,-5.611615193552055,-52.265288921151964,0.15141000974751337,-51.45712945269256,-34.25496777759475,-63.107421728934746,-0.5281483890645965
reversion_rsi2_20_70_sma200,0.5,1,4.880640551329951,1.601107901501586,-16.873994986365915,0.19751486623672765,-3.8948667038619766,-2.2789595882848013,-11.666332501267862,-0.1493524796399756
reversion_rsi2_20_70_sma200,0.5,2,5.837202615459369,1.9090572891928614,-31.720722869906403,0.19751486623673195,-18.063357792749635,-10.917463515260362,-28.843504309460787,-0.32257304610434995
reversion_rsi2_20_70_sma200,0.5,3,-24.620514830589357,-8.990990237395824,-59.35474071973004,-0.01117162632225822,-29.961694217271038,-18.67006850421722,-43.050650787075995,-0.3307297344726867
reversion_rsi2_30_60_sma100,,1,19.740883879270378,6.1893151423003445,-19.529547540532654,0.4195430281547275,-3.183421287657817,-1.8598260187197124,-18.68385398434256,-0.026978084503479924
reversion_rsi2_30_60_sma100,,2,29.787665871196122,9.07983542364259,-36.21804177388837,0.419543028154727,-24.260471494765902,-14.891571337023723,-43.1166787699329,-0.21773699391638132
reversion_rsi2_30_60_sma100,,3,16.220793351238605,5.138379409565097,-50.246057026375965,0.3696773734218957,-38.30821545124652,-24.44350156484436,-59.1918515497017,-0.25543362316752116
reversion_rsi2_30_60_sma100,0.5,1,15.268720604132069,4.850496408644545,-13.202913827453289,0.4523695100435039,-1.5641459519413203,-0.910653865769584,-13.543247899321697,-0.003426053245485298
reversion_rsi2_30_60_sma100,0.5,2,27.148168770298376,8.33531154097682,-25.155109859607418,0.45236951004351106,-5.967410711014532,-3.5074414179200764,-26.95069753938585,-0.003426053245484323
reversion_rsi2_30_60_sma100,0.5,3,11.24800764941154,3.616936344973909,-43.03190213678653,0.2974563486033618,-27.5675002295255,-17.06815408290805,-49.892175738714094,-0.19294510456281896
reversion_rsi2_30_60_sma200,,1,17.929286953567548,5.651067828272716,-18.469331406406486,0.39741993230911393,-7.370209606676125,-4.345395528757123,-21.544439651651615,-0.1719741227019336
reversion_rsi2_30_60_sma200,,2,26.45710206448615,8.138682742255888,-35.028284421058316,0.39741993230911093,-40.30615061060073,-25.873236638317177,-53.15351201375806,-0.4185929883295969
reversion_rsi2_30_60_sma200,,3,12.567286686851919,4.0249221235829635,-49.473814951509176,0.3467244872484175,-52.505316833656465,-35.082533425161145,-66.6071235772383,-0.44398306882935745
reversion_rsi2_30_60_sma200,0.5,1,16.21312713596932,5.1360676282586,-13.372851979925592,0.48385640133539193,-4.563217145925291,-2.6738925699179017,-14.098207872073154,-0.1537580983191788
reversion_rsi2_30_60_sma200,0.5,2,29.477252954786604,8.99280398999358,-25.848455797508173,0.4838564013353804,-20.03061464492214,-12.164920341384677,-33.86740236112462,-0.30688870678928415
reversion_rsi2_30_60_sma200,0.5,3,1.4508985943386454,0.48131253053558254,-54.00015730418932,0.24361940079898362,-41.084828279620965,-26.435888834096254,-55.43348646052457,-0.3822052611164221
reversion_rsi2_30_70_sma100,,1,28.722685822705007,8.780662039957265,-19.5945352444573,0.5222388704447835,-11.970865592333713,-7.131702475642343,-22.891827612412342,-0.28572705461487047
reversion_rsi2_30_70_sma100,,2,47.29260274101061,13.778528349197728,-37.139263347461004,0.522238870444782,-39.20011519933405,-25.079311720872177,-52.74623498814809,-0.4233899247711301
reversion_rsi2_30_70_sma100,,3,36.750914893563944,10.996703333512636,-52.614244505670385,0.4753805633541479,-61.37044533672893,-42.416876830289354,-73.02399157424009,-0.5176545982096866
reversion_rsi2_30_70_sma100,0.5,1,20.401398819909012,6.384211133749607,-13.171132806648167,0.5305559484480078,-10.015834593400374,-5.940380468324758,-19.82692204725678,-0.32698983540892573
reversion_rsi2_30_70_sma100,0.5,2,37.42118357804864,11.177753661090684,-25.578201833455914,0.5305559484480062,-22.237230191271063,-13.579586374702824,-37.772945993920416,-0.32698983540892
reversion_rsi2_30_70_sma100,0.5,3,23.256061750158707,7.218426416818957,-48.44329415485619,0.3860595987973055,-47.62533117463499,-31.291578776359696,-62.064607536158434,-0.45741741237205175
reversion_rsi2_30_70_sma200,,1,22.042775855122088,6.865459881549563,-22.781978187894737,0.4405947965629005,-14.629625159199966,-8.769824252273962,-24.32488370209629,-0.3757227932527848
reversion_rsi2_30_70_sma200,,2,33.292362927698484,10.052967033366379,-42.57942285718165,0.440594796562899,-51.44321011088275,-34.244028912259786,-61.522127411826055,-0.5530187235707532
reversion_rsi2_30_70_sma200,,3,18.958954426856224,5.957665076845209,-59.255840438293376,0.3934659935566506,-70.59014016605599,-50.84430813865792,-78.99181651408082,-0.6289139800660052
reversion_rsi2_30_70_sma200,0.5,1,17.598218816588783,5.552108851154891,-17.079153148811688,0.4817129107545374,-11.072538064229587,-6.5829311813886076,-18.660467884677622,-0.40086306304449637
reversion_rsi2_30_70_sma200,0.5,2,31.453968627723228,9.544665619283998,-32.18625483621097,0.4817129107545483,-31.776478762812754,-19.8996759305909,-42.67746730134826,-0.5033716253308461
reversion_rsi2_30_70_sma200,0.5,3,2.4737208818695677,0.8178663379829088,-59.88542560970562,0.26334530724392397,-55.799410379612404,-37.73459617876933,-65.74164820884374,-0.5518904807754498
reversion_rsi3_10_60_sma100,,1,8.694278758642016,2.8179392172459794,-3.50012742727156,0.5316934506673069,8.244825264828481,4.704654867874591,-3.7877598560689063,0.9288389446663545
reversion_rsi3_10_60_sma100,,2,17.09569183756525,5.401543879764259,-6.96902879070842,0.5316934506672967,16.658157037742562,9.352801452556502,-7.48269211744137,0.9288389446663476
reversion_rsi3_10_60_sma100,,3,25.046490125999554,7.735087505003135,-10.40361950526416,0.5316934506672981,7.654007576475874,4.372643455494862,-22.223468697202087,0.3290258997387801
reversion_rsi3_10_60_sma100,0.5,1,6.6449169680347975,2.16764593073997,-2.5557878123121047,0.5931673665115436,8.267275150872134,4.7172556152541345,-2.1170515412040514,1.1394786968091688
reversion_rsi3_10_60_sma100,0.5,2,13.263889428233355,4.239060952189422,-5.08583742671963,0.5931673665115484,16.88401421510686,9.475606040255435,-4.222094209548988,1.13947869680915
reversion_rsi3_10_60_sma100,0.5,3,19.80550552400553,6.2084144226146165,-7.590153284187995,0.5931673665115427,25.835761765810506,14.265448511657963,-6.315129884826332,1.1394786968091601
reversion_rsi3_10_60_sma200,,1,10.671436966650338,3.437619287702076,-5.056666862584858,0.5817341735035818,3.990969651934684,2.2968657602194797,-5.524839000951842,0.5132215688851546
reversion_rsi3_10_60_sma200,,2,21.118388111633536,6.594965691836263,-10.140204109413741,0.5817341735035884,7.7427988073431875,4.4225886408354675,-10.872025056318147,0.51322156888516
reversion_rsi3_10_60_sma200,,3,31.079341494572233,9.440503807483513,-15.235838693901805,0.5817341735035879,-4.014266077758599,-2.349428740621984,-27.540230302838864,-0.07261166248204702
reversion_rsi3_10_60_sma200,0.5,1,6.514410530297976,2.125953122612212,-2.541805820275045,0.564907988823409,5.2521983091785795,3.0149944689274344,-3.4286529634548035,0.8465413563609917
reversion_rsi3_10_60_sma200,0.5,2,12.950199232912452,4.142740153426794,-5.089026114561868,0.5649079888234202,10.536921566784763,5.985565737709386,-6.793427514751049,0.8465413563609828
reversion_rsi3_10_60_sma200,0.5,3,10.163166045213035,3.2790266523266443,-12.683326105790494,0.31056664958397645,15.833534070305344,8.903582188459147,-10.094371094056708,0.8465413563609764
reversion_rsi3_10_70_sma100,,1,4.078095095100598,1.3412939023511594,-5.738932363992976,0.24695878975524468,12.884018776613381,7.285712532872446,-3.7641740156602044,0.9933943958976372
reversion_rsi3_10_70_sma100,,2,7.102843934142067,2.3136710650115244,-11.317785182335182,0.24695878975524513,26.294792623762888,14.507140874739655,-7.416423226514201,0.9933943958976303
reversion_rsi3_10_70_sma100,,3,0.03414904672520702,0.01138172009040872,-23.570087226031788,0.10573406198284159,20.468360424938226,11.411361896307227,-21.25514565138632,0.5679541069877403
reversion_rsi3_10_70_sma100,0.5,1,2.9498581034323346,0.9737729186957589,-4.776769307308726,0.2493281595837614,11.072224166236545,6.283102304010169,-3.6859829380498588,1.0838600472101527
reversion_rsi3_10_70_sma100,0.5,2,5.413200560893938,1.77278674306669,-9.443801219896585,0.24932815958376114,22.686267943476256,12.597063627524507,-7.263861850088094,1.0838600472101458
reversion_rsi3_10_70_sma100,0.5,3,-1.219179606217291,-0.40805603450206895,-20.865569068881484,0.0518898505543505,34.787013411163855,18.913995172701892,-10.736061280757248,1.0838600472101532
reversion_rsi3_10_70_sma200,,1,5.6876128974498785,1.8610220848199521,-5.056666862584869,0.3062562906261353,8.205027310082592,4.682314242179353,-5.4331962084388845,0.7377536226120123
reversion_rsi3_10_70_sma200,,2,10.178182744557907,3.283719205754476,-10.140204109413764,0.30625629062613485,16.259166133738677,9.135615304393795,-10.69894533498401,0.7377536226120083
reversion_rsi3_10_70_sma200,,3,4.4047525994387104,1.4472057861244059,-18.068542619543017,0.17619383384285045,7.062338199493801,4.0393861214853555,-27.328958156302306,0.29339923582627614
reversion_rsi3_10_70_sma200,0.5,1,2.6833004521285897,0.886550538674169,-4.48977230521418,0.21977510238783315,7.736926815441025,4.419286171174819,-3.6859829380498366,0.879100011438871
reversion_rsi3_10_70_sma200,0.5,2,4.8003843620648246,1.5751857406205216,-8.906670886290124,0.21977510238784911,15.57141885781581,8.760512143670574,-7.263861850088071,0.8791000114388688
reversion_rsi3_10_70_sma200,0.5,3,-10.830438418759126,-3.7489349575353215,-27.23359441971335,-0.09857339161571943,23.45101937722669,13.003812931647474,-10.736061280757259,0.8791000114388687
reversion_rsi3_20_60_sma100,,1,3.1191461641339124,1.0290888223497996,-12.866900954742599,0.1440508824413197,5.578985265889291,3.2004729598152037,-14.513978976130604,0.33194484291362986
reversion_rsi3_20_60_sma100,,2,1.4571396777097068,0.4833729669905251,-24.668202314208433,0.1440508824413209,2.271270749172749,1.3117715322169987,-27.685719669163646,0.1760472839100894
reversion_rsi3_20_60_sma100,,3,-12.847222926431334,-4.4801254512029764,-38.874294585686954,0.07779493363335148,-7.079014582469689,-4.171016125111682,-47.50565764423874,0.05105013421105141
reversion_rsi3_20_60_sma100,0.5,1,2.0604738550786372,0.6821606061429453,-9.334138819540616,0.12247293423617737,5.315493158515494,3.050938357702293,-9.889566976203923,0.37331819462888954
reversion_rsi3_20_60_sma100,0.5,2,1.9178657274741662,0.6352446730791605,-18.109746802049507,0.12247293423617005,9.335983042272588,5.315840701647789,-19.275942061690763,0.3733181946288981
reversion_rsi3_20_60_sma100,0.5,3,-17.120556409872233,-6.067558883942937,-38.85245659065604,-0.0540883633320795,3.6587861019865997,2.1071171882363737,-28.117974754503795,0.2162675930351789
reversion_rsi3_20_60_sma200,,1,4.4247423323403146,1.453679862853785,-16.54029122716879,0.1764204908061998,1.2440759536083146,0.720046308094946,-17.074848131556976,0.12007206980398663
reversion_rsi3_20_60_sma200,,2,3.7993847238777967,1.2507525337970504,-31.72262938739849,0.1764204908061956,-16.121227411075633,-9.698211836333826,-33.53058674371147,-0.19014932462706938
reversion_rsi3_20_60_sma200,,3,-10.06909116885133,-3.475774082842553,-45.29768545347097,0.11083529327809312,-25.23391517940957,-15.528044336928593,-52.10641601526722,-0.24830898960805003
reversion_rsi3_20_60_sma200,0.5,1,2.187415112324076,0.7238856227073764,-8.72692410606466,0.12676013115791962,2.4678866569946,1.4247490523078277,-11.133265482335675,0.21210856608913384
reversion_rsi3_20_60_sma200,0.5,2,2.058666937504161,0.6815664308394975,-17.077627768306826,0.12676013115791673,-5.651408205235575,-3.319404869700615,-21.442402153605588,-0.06682851611954782
reversion_rsi3_20_60_sma200,0.5,3,-26.39172195011482,-9.709466446761805,-41.40315458646269,-0.11604799093588426,-11.79754146167583,-7.025639701166719,-30.938047534107994,-0.07980572850745386
reversion_rsi3_20_70_sma100,,1,-3.719648323732816,-1.255581647103876,-14.717273040839219,-0.020947217945032553,14.647170177965263,8.25494030345384,-13.026751316838393,0.6405774139190868
reversion_rsi3_20_70_sma100,,2,-12.543055539016002,-4.3691314891941335,-28.246100013433807,-0.020947217945032688,19.403505058459114,10.838832786965735,-25.179898365132146,0.4998311888901308
reversion_rsi3_20_70_sma100,,3,-31.429933655288355,-11.818356279210585,-42.118206697470505,-0.07647535837315109,15.548218010726945,8.747841894456565,-44.787808088306036,0.4060856002490402
reversion_rsi3_20_70_sma100,0.5,1,-0.2127025647157832,-0.07095118370417097,-10.647908954179508,0.03983273703888447,10.077596283698353,5.72977711095366,-9.162580990972213,0.5572072670214868
reversion_rsi3_20_70_sma100,0.5,2,-3.0760126757112927,-1.036034158184851,-20.722037167242636,0.039832737038889156,18.674137784812572,10.445444579833897,-17.745058750582576,0.5572072670214854
reversion_rsi3_20_70_sma100,0.5,3,-23.735984117009146,-8.636395846720568,-39.71310137571369,-0.11220928259948382,16.10397989508383,9.051056966150938,-27.70830885584551,0.4220856260997238
reversion_rsi3_20_70_sma200,,1,2.0886157662292515,0.6914137085020533,-19.059726938626053,0.12041446722526053,5.854647698186488,3.356746796008836,-18.677476444532093,0.31285592843046184
reversion_rsi3_20_70_sma200,,2,-2.5531412572063594,-0.8583944120631237,-35.86816795715351,0.12041446722525997,-8.934205103832449,-5.28594449741756,-34.66168948843092,0.0008346969319698842
reversion_rsi3_20_70_sma200,,3,-20.26184746015074,-7.269616385244671,-50.3060699061606,0.06622552625251718,-16.26001540758848,-9.784945821867408,-54.89608803631072,-0.023026454938168187
reversion_rsi3_20_70_sma200,0.5,1,7.834284054796203,2.546053960035155,-10.104083265903052,0.2681296204162961,4.889529482640831,2.808866865055304,-11.998620185834252,0.3357164234042787
reversion_rsi3_20_70_sma200,0.5,2,11.705100748837992,3.758655337935113,-19.792004737748904,0.26812962041629995,-1.5299056431007818,-0.8906542412142948,-22.991830308563564,0.07349048711623803
reversion_rsi3_20_70_sma200,0.5,3,-17.66674990099394,-6.274358883617714,-42.2784941618019,0.06111466173529957,-6.499147233220026,-3.8244496874747957,-33.00640547274749,0.060473650527788816
reversion_rsi3_30_60_sma100,,1,11.75400647276863,3.77379535618505,-13.681570864152903,0.3106867588223175,-1.4360726581432615,-0.8358617320492034,-17.87776783051106,0.031296776705469175
reversion_rsi3_30_60_sma100,,2,15.671397903052299,4.972448675515051,-26.114420300040397,0.3106867588223124,-13.225233585997687,-7.901920711867305,-37.54006445791332,-0.06695719340503174
reversion_rsi3_30_60_sma100,,3,1.248132419480652,0.41432511596812827,-41.03315516301308,0.2553728073390591,-35.71597277654993,-22.617123499179048,-60.10453490376443,-0.23439793393934108
reversion_rsi3_30_60_sma100,0.5,1,12.437652152446276,3.9849744541587295,-8.702730115137014,0.4167033861822152,-1.0420567183434426,-0.6060200184297093,-14.356562409960539,0.017186503902674788
reversion_rsi3_30_60_sma100,0.5,2,22.093218964807782,6.880181177851563,-16.90271756249152,0.41670338618221225,-4.8215069011385285,-2.8268286199321313,-28.249593234777713,0.01718650390267154
reversion_rsi3_30_60_sma100,0.5,3,6.149062064752986,2.0090540677331736,-38.119619450487995,0.2451868417072332,-17.857229255794227,-10.787486762361931,-45.72605097834417,-0.0842026621335565
reversion_rsi3_30_60_sma200,,1,5.361220450521831,1.7560556618282819,-18.57650657283432,0.18806923159878738,-5.7960408308604165,-3.405435315718497,-20.735766687262437,-0.14070162813481055
reversion_rsi3_30_60_sma200,,2,2.3744644143575355,0.7853049560259784,-34.951391328231615,0.18806923159878292,-29.35872734341235,-18.26449619819379,-46.09297251162394,-0.3480345483809314
reversion_rsi3_30_60_sma200,,3,-16.25426704039381,-5.741419319928864,-49.0804447459161,0.13655135368765553,-49.27589688450027,-32.55651861908484,-65.7767143343752,-0.4631928319076773
reversion_rsi3_30_60_sma200,0.5,1,5.689163437015843,1.8615202156423871,-12.42362255961098,0.22223134210503798,-2.7002366127706123,-1.5759044125238542,-13.622471652256907,-0.08286641000368884
reversion_rsi3_30_60_sma200,0.5,2,7.62672022026174,2.4802167554869747,-24.16432814530607,0.22223134210502954,-16.061555521629945,-9.660939083297581,-31.546722625914605,-0.2621131042642616
reversion_rsi3_30_60_sma200,0.5,3,-22.53376013535756,-8.158812162402873,-52.375423381641795,0.006527212420395512,-27.44140347673345,-16.984405895140853,-46.26792436419432,-0.2706892900789369
reversion_rsi3_30_70_sma100,,1,1.6922432463299941,0.5609287880159464,-16.41143029809824,0.12146317567242673,3.976551898958558,2.2886353944568727,-16.713367817626825,0.21321881544681157
reversion_rsi3_30_70_sma100,,2,-6.337030507610697,-2.1586039399577928,-32.26420823576467,0.12146317567242267,-4.897990886024695,-2.8721489994798843,-35.96823060637422,0.12228186849371077
reversion_rsi3_30_70_sma100,,3,-28.679921258873307,-10.654927689113936,-51.437050195705545,0.07621094702355867,-27.887420417467613,-17.2809067074735,-59.27850718804808,-0.02417395215618059
reversion_rsi3_30_70_sma100,0.5,1,8.214572100948981,2.6664587279294105,-11.92441161901483,0.2723515192888511,0.38577711797280756,0.22368022230785378,-15.816391509871375,0.08964577460237194
reversion_rsi3_30_70_sma100,0.5,2,11.70456433099909,3.758489251569075,-23.910280338308564,0.2723515192888533,-3.0368542021970257,-1.7736397921643055,-29.743908602314583,0.08964577460237187
reversion_rsi3_30_70_sma100,0.5,3,-8.811140844458997,-3.0277972606097436,-46.559600270181974,0.13650491233127476,-16.794192265441232,-10.119338050756987,-47.43101577050916,0.00015236018498480716
reversion_rsi3_30_70_sma200,,1,2.932688702237529,0.9681593263608512,-20.305452149081262,0.1451187768264666,-1.9560931337314513,-1.1397969968475974,-21.86870908864741,0.02121736334722824
reversion_rsi3_30_70_sma200,,2,-4.797589108243361,-1.6254748965132237,-37.75154432389522,0.1451187768264678,-24.164503450399778,-14.82901037599309,-45.5024742080563,-0.19235384647783454
reversion_rsi3_30_70_sma200,,3,-27.701918724848518,-10.248388066431913,-52.41222625453867,0.10142829718364478,-44.307538755114784,-28.798495001152048,-65.55949816957582,-0.28962998923566485
reversion_rsi3_30_70_sma200,0.5,1,12.670997794294948,4.056859253913991,-13.267373146371275,0.3459584524779111,-0.4437938419697529,-0.25776777679860086,-14.293607785171137,0.04249039071814424
reversion_rsi3_30_70_sma200,0.5,2,19.55697472042557,6.134922151426547,-25.294746457880212,0.3459584524779113,-12.554937359502993,-7.489762369781072,-31.058423796833456,-0.13516396335498954
reversion_rsi3_30_70_sma200,0.5,3,-12.146463767361892,-4.224796729669511,-46.17143253904917,0.16404862621158506,-23.400420542451485,-14.332089810574477,-45.99801564450916,-0.14405991940341195
