variant,btc_filter,vol_target,lev,is_total_pct,is_cagr_pct,is_maxdd_pct,is_sharpe,oos_total_pct,oos_cagr_pct,oos_maxdd_pct,oos_sharpe
donchian_20_10,False,,1,86.15238595165388,23.014470712854873,-35.94699049209772,0.7823566190053993,-10.09299145723891,-5.987189761453616,-34.7311537384428,-0.09494910217159164
donchian_20_10,False,,2,144.84323496215396,34.781215805245715,-60.71141215853483,0.7823566190053963,-33.44974232399981,-21.04561754924973,-62.174062528524274,-0.15373046110019978
donchian_20_10,False,,3,91.54000097767808,24.189962258421936,-79.92961288615274,0.737318263432186,-56.6586207181722,-38.43984916677369,-79.76995408730495,-0.16472902272871684
donchian_20_10,False,,5,-96.84298910130819,-68.39478902534549,-99.17125986961265,0.47800615302819544,-84.9569380155402,-66.68655074363099,-95.15043470366862,-0.11979287442265328
donchian_20_10,False,0.5,1,75.86120974218751,20.704469627895694,-24.558465557749955,0.9122842013152319,6.0318161724775,3.4570939635126585,-30.028152657141792,0.26179877454397715
donchian_20_10,False,0.5,2,161.02708100119528,37.68771382214842,-44.300403602862104,0.9122842013152332,2.758658005652914,1.591662618735179,-52.71579908552857,0.26179877454397965
donchian_20_10,False,0.5,3,201.40189478609352,44.449261574844634,-63.10879470303574,0.8747219478666336,-16.61948852339773,-10.00987543214582,-72.20394361985397,0.19981958709662379
donchian_20_10,False,0.5,5,53.05584209028349,15.24355240890154,-88.84653284559629,0.7684291486301554,-61.410795227425574,-42.45178727101659,-92.37347423065953,0.15199212866595574
donchian_20_10,True,,1,125.93370508218604,31.218078783608938,-31.205715111359744,1.036301055317422,0.9550397141839806,0.5530905981234291,-27.307119512190692,0.14458989366636624
donchian_20_10,True,,2,283.17952339778134,56.48309635130624,-54.57734557106567,1.0363010553174217,-14.27306592427977,-8.548909275205885,-52.31679319260112,0.07471900609919764
donchian_20_10,True,,3,343.16712820143954,64.25648052091739,-71.30083956727444,1.005961882589766,-34.57384387042423,-21.822264019514037,-69.87668661584456,0.06152768982682779
donchian_20_10,True,,5,-67.62938024810606,-31.33791221185276,-94.63072874758171,0.7467683106116845,-66.45609999692982,-46.945758825494764,-86.98244179779589,0.1189650021144622
donchian_20_10,True,0.5,1,92.22584306114545,24.338013566869932,-22.83975487649329,1.1197430838928684,12.221539648639457,6.919898909364686,-22.754502190917236,0.429581314830912
donchian_20_10,True,0.5,2,221.47783633257592,47.58776143994925,-41.673975959284235,1.1197430838928764,17.37205731841678,9.740628495746284,-41.570203476286046,0.42958131483091083
donchian_20_10,True,0.5,3,331.64534353838934,62.82047600907808,-60.14836398050599,1.076866092516718,4.769391828661984,2.740519113172857,-60.83083220248563,0.3554072920390565
donchian_20_10,True,0.5,5,321.9744725631756,61.59530043680126,-79.99238632223411,1.0082821544322016,-37.88404516430778,-24.1424770333043,-85.2491597097625,0.29796841457569906
donchian_20_10_ls,False,,1,48.780287662936026,14.160307878911048,-52.570350490637985,0.5170269552171938,-28.114364439721452,-17.432068787006617,-46.70432488291747,-0.21776824568237993
donchian_20_10_ls,False,,2,10.166209224546918,3.279977646858301,-82.3312323404649,0.5087563076091042,-65.54013804653759,-46.10984372151123,-79.1957977027114,-0.2542902192673073
donchian_20_10_ls,False,,3,-61.22417000256037,-27.07881779054404,-95.33142058347313,0.49651870576567264,-88.44064816401577,-71.40874222865888,-93.73863889305235,-0.26123518182922656
donchian_20_10_ls,False,,5,-99.98403585972098,-94.57522356132009,-99.99739225134577,0.23237497885209552,-99.5638561236725,-95.73116067928241,-99.78250472219385,-0.23584101194864193
donchian_20_10_ls,False,0.5,1,41.36440032686459,12.231134162214307,-36.44600926489859,0.5263703318137519,-3.454640706745349,-2.0194564447247876,-32.938279325600476,0.1065830768647897
donchian_20_10_ls,False,0.5,2,49.475813854370074,14.337925661518259,-63.147377784034234,0.5263703318137538,-23.145175850056333,-14.16655573672745,-60.38889016199535,0.10658307686479268
donchian_20_10_ls,False,0.5,3,10.466069746467666,3.373598404097833,-82.16425996346447,0.5022652386696848,-53.67843130579305,-36.0178768179294,-81.09126234463766,0.06616015971639533
donchian_20_10_ls,False,0.5,5,-86.47162297302548,-48.664803026360225,-98.30939045155142,0.40632810293006866,-91.50339156818816,-76.08579024387426,-97.43903084647691,0.02839072539301885
donchian_20_10_ls,True,,1,77.53954168872124,21.087235702677944,-51.857070180568485,0.6454633963168541,-20.355146136567292,-12.371941017809561,-48.371189037818816,-0.07783322048009106
donchian_20_10_ls,True,,2,61.279112716416684,17.27156165256829,-81.18092362609583,0.6366966245141312,-57.900469330721016,-39.4696357333344,-77.86245978369676,-0.11488728066601316
donchian_20_10_ls,True,,3,-22.63731076737846,-8.199752378029313,-93.3206084667816,0.6373461302941408,-84.49662034039517,-66.09875658330228,-91.64642971908573,-0.12197463143321888
donchian_20_10_ls,True,,5,-99.89252046195836,-89.756651929154,-99.98300808818664,0.38949613374798053,-99.30101194723973,-94.3872511224012,-99.56693781992587,-0.09398118559316151
donchian_20_10_ls,True,0.5,1,53.24193796935231,15.290240519116738,-36.57916143085968,0.6196479778930934,1.5379454369580214,0.8895888717876499,-33.346807302148875,0.19084777833507208
donchian_20_10_ls,True,0.5,2,78.14669278411255,21.225110341507403,-63.25482492925789,0.6196479778930912,-14.391219336494377,-8.622071307772206,-58.05799881956328,0.19084777833507333
donchian_20_10_ls,True,0.5,3,47.0352943829202,13.712235745135937,-81.80254874354947,0.5953460528147805,-44.9736788039745,-29.29394004227347,-77.15619354584884,0.14905419114511118
donchian_20_10_ls,True,0.5,5,-69.50409039310537,-32.689854312314594,-96.92653242459959,0.528946757005763,-88.32932044329138,-71.24927529298617,-95.38927343911664,0.10990061906695663
donchian_20_20,False,,1,90.19556444984597,23.898712911071375,-43.913859038820036,0.7291792583594027,-3.167073962756095,-1.8502105465004415,-40.15720974308156,0.12103342961600017
donchian_20_20,False,,2,117.83426796832916,29.63095888201699,-71.70719991774926,0.7291792583594012,-36.21672262845277,-22.96748536722729,-71.65819902737493,0.014611661463440758
donchian_20_20,False,,3,12.823211291246462,4.1036968949411,-90.73929280122903,0.675188048436714,-67.02963729600424,-47.474056454068716,-88.76128371406881,-0.0372090248729903
donchian_20_20,False,,5,-99.72579234617889,-86.00327195815247,-99.94919966461374,0.449635625330281,-94.01745502102482,-80.4906029569338,-98.82405244198522,-0.0139162512164783
donchian_20_20,False,0.5,1,99.86491388408997,25.963732293768828,-30.81918446986629,0.930008196963545,10.069472754760667,5.725249260691023,-35.4089142035341,0.3358165378683938
donchian_20_20,False,0.5,2,209.07596544897936,45.6649547172836,-53.68511758970125,0.9300081969635499,4.760302546860462,2.735346773623837,-60.59447182866335,0.3358165378683978
donchian_20_20,False,0.5,3,241.62595533993155,50.60877855821126,-73.22141290875535,0.9002768739083619,-29.85523011205582,-18.59835156612236,-81.56792160837158,0.23296496109969494
donchian_20_20,False,0.5,5,-6.04920418903705,-2.0584842180006557,-95.71305099601803,0.7834657846739789,-78.58665157706504,-59.11109112818597,-96.59572703936588,0.2132452602866294
donchian_20_20,True,,1,155.66309495172158,36.73803902202608,-36.27703239071896,1.0458556015353149,13.382292780450333,7.560260501536509,-24.365642802804878,0.39008355835987407
donchian_20_20,True,,2,341.6071300804063,64.06352016929795,-61.138437626877476,1.0458556015353104,-8.339626561902069,-4.927586611852696,-53.88939366068834,0.2568542658044217
donchian_20_20,True,,3,367.7485985038472,67.23897545802669,-78.09339654646104,1.0207791711717402,-39.0195463636932,-24.950274904467694,-74.31195672306157,0.20193434306113214
donchian_20_20,True,,5,-85.69972923981601,-47.70645463975395,-98.00775805704674,0.7681420868790204,-78.59680437077608,-59.12234214928071,-94.0719343615018,0.23699323478827677
donchian_20_20,True,0.5,1,124.69649127450376,30.978123354710817,-24.468107981285936,1.1520395336914222,21.99317794163469,12.22750877332306,-20.145125218057803,0.5913143134206227
donchian_20_20,True,0.5,2,311.50312860353876,60.24742040102558,-45.86610062340202,1.1520395336914233,34.24989648532608,18.63878803282222,-38.56445737058214,0.5913143134206215
donchian_20_20,True,0.5,3,468.74834256799176,78.50075115408536,-63.66105613644415,1.1178088007348383,8.428242549826614,4.807571837161029,-63.0142130275704,0.45742131730701757
donchian_20_20,True,0.5,5,352.644186119235,65.41909818369412,-85.83897940333112,1.0454897406927164,-42.48986169547896,-27.459088991588565,-87.6190188282169,0.45303697501220225
donchian_20_20_ls,False,,1,18.154211712839754,5.718194068783244,-65.36959750424998,0.36550224523957475,-0.9465384384654607,-0.5503591225494597,-34.36440524299267,0.23117452436976157
donchian_20_20_ls,False,,2,-39.30999022897047,-15.33464459051257,-90.9277718490549,0.3585056376979404,-43.90320561728208,-28.498982884815483,-66.47430894149579,0.15318504788684734
donchian_20_20_ls,False,,3,-88.90115580641265,-51.942712794383475,-98.91418556966276,0.32839486300614124,-79.90781275805818,-60.594546130296976,-89.40466792960751,0.11532310135419907
donchian_20_20_ls,False,,5,-99.99938549460497,-98.1683524894335,-99.99992519593222,0.0944777824364294,-99.26764872743767,-94.23331504883052,-99.67911648469621,0.13256225604480482
donchian_20_20_ls,False,0.5,1,30.737847675830054,9.345381373244122,-46.92245582750497,0.4301444147083708,12.466319443551921,7.055168901907072,-25.546746142624578,0.3681994344904708
donchian_20_20_ls,False,0.5,2,19.103522826965857,6.000570433315033,-74.71209010305272,0.4301444147083723,0.12131117644542666,0.07037728685725941,-45.859693768221554,0.3681994344904742
donchian_20_20_ls,False,0.5,3,-29.93194001161712,-11.1808326060706,-89.36258226254802,0.40540674391222514,-40.42873926156015,-25.961610787427514,-73.61886874424026,0.29020442482150655
donchian_20_20_ls,False,0.5,5,-96.45297165468561,-67.14348077119516,-99.64348358054552,0.3037560671634578,-88.74153698821488,-71.84299588705008,-96.27954853587636,0.26426399250044297
donchian_20_20_ls,True,,1,49.60747463127431,14.371486057256933,-62.37785329839915,0.5176250467580539,11.160745261356908,6.332246828464405,-33.15827915167656,0.374622684022176
donchian_20_20_ls,True,,2,-3.633696200415426,-1.2262064322096422,-89.03879735644584,0.5102658686641515,-32.03808685498015,-20.078054842839855,-64.62611546247517,0.2986379577138831
donchian_20_20_ls,True,,3,-73.45645659697406,-35.73325571548055,-97.6355690239506,0.5040154527739243,-74.81621628073874,-55.075961722104005,-86.08440810038141,0.26269680367667886
donchian_20_20_ls,True,,5,-99.994030737383,-96.09182896200141,-99.99937187067036,0.2796539418130094,-99.15830428764232,-93.74832761045451,-99.55075374867617,0.2813811999033649
donchian_20_20_ls,True,0.5,1,43.191122580365395,12.712486660443535,-46.19277582989035,0.5166538305771212,21.130672848124533,11.766389030167757,-24.805625499193397,0.4814568511448593
donchian_20_20_ls,True,0.5,2,42.87502401214518,12.629486858000515,-73.65966019340307,0.516653830577122,14.398180222434199,8.118448514155151,-45.6346569397132,0.4814568511448603
donchian_20_20_ls,True,0.5,3,-7.7250063148139425,-2.64430949894614,-88.43189095959929,0.4922512198592734,-28.943359135489565,-17.985952742368482,-64.65229253144257,0.4048254487905702
donchian_20_20_ls,True,0.5,5,-91.17799494471886,-55.48335419641487,-99.09694863118375,0.43016155181158905,-85.92023407932615,-67.94161007586,-93.35861667321954,0.3911209608040526
donchian_30_10,False,,1,81.62190308303474,22.008308822950838,-33.498959705326556,0.7961614676155866,-11.514029744959043,-6.85233787777827,-34.57324108432761,-0.1930598839331397
donchian_30_10,False,,2,145.89994431362854,34.974836519541206,-59.14201790360794,0.7961614676155865,-33.17742877666795,-20.85830555088164,-61.274014256748686,-0.2595188879833086
donchian_30_10,False,,3,109.21149392856675,27.89743858089466,-79.06759730996343,0.7463024323106942,-53.91504573741764,-36.20773322826527,-77.82805704666697,-0.2717925113566367
donchian_30_10,False,,5,-93.5320555742804,-59.8589470957908,-98.4989161136969,0.48367912374145333,-78.67863019282738,-59.21310098249742,-92.40419572550456,-0.1953301458933733
donchian_30_10,False,0.5,1,55.599502798444654,15.87846535837154,-25.808816786247014,0.80248199463552,-2.3424198428178444,-1.366030795027473,-31.679862249655734,0.025078973681708357
donchian_30_10,False,0.5,2,111.5317683083612,28.36851975951875,-47.53588541620557,0.8024819946355194,-10.511390778990936,-6.241317190429541,-54.50708410305579,0.02507897368170469
donchian_30_10,False,0.5,3,131.67299865685175,32.319892688741156,-67.40062248121141,0.7605088190404958,-29.224706222235387,-18.174547495358873,-72.87669017593659,-0.04359294830869234
donchian_30_10,False,0.5,5,31.341286301209358,9.513356113230564,-89.87362690697525,0.6707225991850452,-62.14297247618744,-43.087946632360655,-90.82337404676557,-0.06361209479599207
donchian_30_10,True,,1,116.16291258023992,29.29857180106541,-32.54161162512376,1.036856848067232,0.40508086965187484,0.23486338330946932,-22.82941662202047,0.12028324767741982
donchian_30_10,True,,2,263.8248784071141,53.80276070164942,-55.9994858527881,1.036856848067233,-13.264600831888384,-7.926168700850811,-45.72300962852529,0.04351780675577155
donchian_30_10,True,,3,333.6458316210861,63.071622409401364,-72.32483575024173,1.0039044585241623,-31.010440244531402,-19.378992418865803,-62.79372593095586,0.029057268733711526
donchian_30_10,True,,5,-49.47564494383876,-20.353457763216408,-94.29842538481314,0.7504549305838663,-56.4460528205351,-38.264827968102836,-81.28937208014594,0.11770334870564594
donchian_30_10,True,0.5,1,77.0615131073501,20.978461459477373,-23.479426191753127,1.0728269767485052,9.834685152516776,5.594323901846643,-19.99654755320356,0.39082540872589705
donchian_30_10,True,0.5,2,179.6365574260857,40.88496517981901,-42.27242314130011,1.0728269767485024,14.13847622682054,7.975950564409784,-37.166256775981765,0.3908254087258969
donchian_30_10,True,0.5,3,263.69953389748446,53.78509602549719,-57.09450908554855,1.0252814770859737,3.223685495582207,1.8581942325675005,-55.49086833517375,0.30916237879755715
donchian_30_10,True,0.5,5,302.333795645847,59.04822919475683,-77.41140502623752,0.9817633949480588,-25.949220758094405,-15.997956607499809,-78.25627859669018,0.28486476091279417
donchian_30_10_ls,False,,1,27.552129510974964,8.449920473846317,-57.7622586867086,0.4040499263594771,-19.968458635821328,-12.125310895742658,-44.375983673546834,-0.12101077995603195
donchian_30_10_ls,False,,2,-11.164158403935364,-3.869159311110504,-85.63999127742936,0.39535598262768173,-54.8049982405502,-36.92551195742091,-76.06051512812851,-0.16127750773150268
donchian_30_10_ls,False,,3,-67.61823926983041,-31.33003598445785,-96.18938491179176,0.3822419416941465,-80.97218184897743,-61.819694481136445,-91.55932879058786,-0.16894607714180887
donchian_30_10_ls,False,,5,-99.97402378321593,-93.6194424035269,-99.99534211154037,0.1165706765209052,-98.4370171547355,-91.04683456979362,-99.35376962464841,-0.12524858973087016
donchian_30_10_ls,False,0.5,1,12.993237040299888,4.1559657639727465,-44.4544488131422,0.2853184471736713,-0.817716285176695,-0.47532689120370897,-31.003783367437386,0.13348544041032823
donchian_30_10_ls,False,0.5,2,0.8879881549892277,0.2951242118317321,-71.63725204468096,0.2853184471736777,-15.653107325978443,-9.406108728581087,-56.808206112001415,0.1334854404103213
donchian_30_10_ls,False,0.5,3,-33.9667702882457,-12.919513549996353,-87.65440160832291,0.2567269876206892,-43.47413551094006,-28.1821359548184,-77.47024859587016,0.08805039472964354
donchian_30_10_ls,False,0.5,5,-91.47976542870676,-55.996841529600985,-98.9722037757422,0.1756438032177656,-84.00448834865645,-65.47838311716198,-95.40505548254875,0.06746968542222863
donchian_30_10_ls,True,,1,50.66052576449294,14.63920339041167,-53.558695867540386,0.5335683254924736,-9.623194555678227,-5.702435304685349,-42.08012072524312,0.05551027265416454
donchian_30_10_ls,True,,2,27.566651445001366,8.45403602731205,-82.105448007105,0.5242668228060928,-42.45872136137913,-27.436298445053243,-71.04564933700117,0.01404299012955107
donchian_30_10_ls,True,,3,-37.18325370217392,-14.357011696168376,-93.75981587010376,0.5248129435930532,-72.73378747614028,-52.95636339449379,-87.21242210924862,0.006086366265512632
donchian_30_10_ls,True,,5,-99.83305306102031,-88.13704671550701,-99.97071509335463,0.27527965127926424,-97.178709765505,-87.38706170781465,-98.71856024763254,0.051206483388559855
donchian_30_10_ls,True,0.5,1,28.1516290461165,8.619561136666508,-39.560589649484534,0.4397401008817173,11.150864449444464,6.3267620827974325,-25.698664824884577,0.3530975984396982
donchian_30_10_ls,True,0.5,2,31.628564848552855,9.593142976952262,-65.934038289914,0.4397401008817147,6.0595104307469505,3.4727734642401087,-46.95512943225169,0.35309759843969724
donchian_30_10_ls,True,0.5,3,0.6747185827938207,0.22440225387969637,-83.37111169460051,0.41033779788320274,-20.145378702750772,-12.238088684373006,-66.58889890946583,0.3056409911062147
donchian_30_10_ls,True,0.5,5,-75.92938703019834,-37.79446208035703,-97.44820044258303,0.36015025706396164,-71.4597265026226,-51.69302029131402,-90.33962112199725,0.28410813183519323
donchian_30_20,False,,1,79.6951115213772,21.57531986312311,-42.35905717980065,0.7094797013298493,-7.467582511059612,-4.40375769262581,-36.746894951821844,0.01676986878471189
donchian_30_20,False,,2,110.54376745609042,28.168350961177158,-69.82771937205729,0.7094797013298486,-39.135233656610545,-25.032928044386694,-69.6218447796622,-0.09568621366044387
donchian_30_20,False,,3,20.88960739312895,6.527807588223666,-89.16222247195498,0.6500946597651531,-67.2975866336812,-47.72219141691044,-87.87797653367241,-0.1539831868656944
donchian_30_20,False,,5,-99.3877856463722,-81.70631615718787,-99.86185727270676,0.4212405549856929,-92.27134614884514,-77.36491930074452,-98.26339851565457,-0.11407177381151357
donchian_30_20,False,0.5,1,74.82109394432395,20.46603358329606,-30.44111421491661,0.8345098984432701,-0.44369997642673686,-0.25771320615509685,-34.951367137389624,0.11702088754968214
donchian_30_20,False,0.5,2,148.4627827190203,35.44213207225082,-53.88291562560903,0.8345098984432735,-11.339535728342021,-6.74579100590047,-58.971844922502804,0.11702088754968272
donchian_30_20,False,0.5,3,165.1825155413478,38.41451288812985,-74.6671338825539,0.8014857454976747,-41.85818033066582,-26.997790706272916,-79.37765073963166,0.007851920545012958
donchian_30_20,False,0.5,5,-11.991600543487014,-4.168554067657759,-95.463034784769,0.6943962255611466,-78.00708989876058,-58.472503774450466,-95.43281030741475,0.010791263117554772
donchian_30_20,True,,1,132.96452077699635,32.56532120876747,-38.4990019066766,0.9987242209409016,2.8853029337427616,1.664299533705682,-23.83289071549296,0.2013936300265258
donchian_30_20,True,,2,283.89472709262435,56.58039428682977,-63.573111909229226,0.998724220940897,-22.522671337477796,-13.763807067675526,-56.14811117325698,0.07010094984125659
donchian_30_20,True,,3,306.61679340882404,59.61061478020113,-79.92729171693466,0.9719975441707213,-50.913926222451934,-33.82904941954546,-78.09396901583608,0.008843499299215515
donchian_30_20,True,,5,-80.9487737470017,-42.45940987933243,-97.90969437280617,0.7248779925552271,-82.18596388858319,-63.252504769269066,-94.59665638801738,0.060001185903168656
donchian_30_20,True,0.5,1,101.79718585748523,26.368365594947907,-26.76493220759337,1.0809095318537423,12.273738527850742,6.948755387689398,-18.413422382727383,0.41031410976084104
donchian_30_20,True,0.5,2,242.58778328081493,50.74998952623064,-47.93262346279712,1.0809095318537436,15.632819667948915,8.79403868152584,-35.25132472962854,0.4103141097608389
donchian_30_20,True,0.5,3,353.2641334399026,65.4945837762722,-64.29481057955242,1.0437444589666054,-10.07142667065657,-5.97410520479581,-59.19313104656578,0.2738980358302238
donchian_30_20,True,0.5,5,306.70726406450666,59.62245148278844,-86.16427533650516,0.9907576669546493,-45.82281614063801,-29.929155117401905,-83.85681751210801,0.30101330941940974
donchian_30_20_ls,False,,1,-10.0468651803297,-3.467822906203666,-68.55852961122834,0.17260790669320233,-3.5308710368043394,-2.064356868872119,-31.591917582535412,0.1893344943747667
donchian_30_20_ls,False,,2,-61.943861813619996,-27.53278489929474,-92.41975673933182,0.16555838311249418,-45.612459115933724,-29.771406051106375,-68.00840999097481,0.10866783603536455
donchian_30_20_ls,False,,3,-93.57307500854982,-59.94398474714251,-99.0457270248864,0.14153002246216542,-79.90805696365604,-60.59482405558153,-90.21028397469794,0.06961017108696249
donchian_30_20_ls,False,,5,-99.99958274629999,-98.39009568100903,-99.99992635547025,-0.09719252439809657,-99.0077566271918,-93.12195116221186,-99.65563103333561,0.09923457090300762
donchian_30_20_ls,False,0.5,1,-1.166061550149422,-0.390207824382538,-51.78835017425172,0.14888532006451732,3.4627619689322042,1.9950253149998876,-25.778810745671098,0.2295539046470044
donchian_30_20_ls,False,0.5,2,-28.514129197859194,-10.58575015980372,-78.87787892757973,0.14888532006452077,-12.892264635605578,-7.6970151007838545,-53.02128455799144,0.2295539046469986
donchian_30_20_ls,False,0.5,3,-64.80213093136054,-29.39445811957604,-92.43955738793746,0.12423635718590738,-50.17567865509185,-33.253357512609426,-78.85845419757841,0.14733634873341542
donchian_30_20_ls,False,0.5,5,-98.56240057789081,-75.68471879610385,-99.76358576032344,0.021162831704787513,-89.56137430852067,-73.05164281357418,-96.759704397548,0.13889048696213133
donchian_30_20_ls,True,,1,12.500016965015902,4.004196380543856,-63.69433234066988,0.32432935852043904,4.221735459219622,2.428533171209901,-32.792775379726066,0.2918351877968902
donchian_30_20_ls,True,,2,-40.29481198266617,-15.795101485549257,-89.7023515388374,0.3168676525463059,-38.353698580257415,-24.475831456956122,-68.54179759693542,0.21258074514743006
donchian_30_20_ls,True,,3,-84.63014558252674,-46.43391353944715,-97.79037969020713,0.3168116853558511,-76.88556953511142,-57.256486548351184,-88.4512705942372,0.17518591982390497
donchian_30_20_ls,True,,5,-99.99569023755429,-96.49395264636826,-99.99934646554483,0.08527250258500176,-98.96207109631955,-92.93992196772956,-99.57172923103226,0.20630382888838675
donchian_30_20_ls,True,0.5,1,12.402587523194185,3.9741638001205004,-47.744562913807044,0.281269744055626,14.389331179850906,8.11359533589906,-23.03742745257855,0.39560262227084486
donchian_30_20_ls,True,0.5,2,-7.129733989180897,-2.435408651629367,-75.2886338798986,0.2812697440556346,4.921917551331156,2.8272872018612727,-43.95906079360217,0.3956026222708416
donchian_30_20_ls,True,0.5,3,-47.406312534744586,-19.280609535520355,-90.25985816910706,0.2566978769830839,-35.64049925282065,-22.564416088497342,-68.93571792194658,0.3137579123268899
donchian_30_20_ls,True,0.5,5,-95.45492732655362,-64.31270666587727,-99.24546057789377,0.19198243797643527,-85.06215489913029,-66.82196055219241,-94.0875973020227,0.31870003128998936
donchian_55_10,False,,1,103.99852542514432,26.826208526589923,-25.463960102672946,1.0081757303946097,-7.3692833903466255,-4.344840508364745,-25.58546125215252,-0.12460850077013197
donchian_55_10,False,,2,232.42961863996214,49.245038991793486,-45.87543102198393,1.0081757303946084,-24.91491025168272,-15.319086211328415,-50.24411876912773,-0.20310615276430138
donchian_55_10,False,,3,272.44117097190383,55.00744618711584,-65.05333803494845,0.9505031451852478,-42.961845197471945,-27.805154153821434,-68.02106689504836,-0.21756457107491506
donchian_55_10,False,,5,-44.220925598537505,-17.68282940706718,-89.28820735872358,0.7004671305232438,-65.79701700965472,-46.34332278176457,-85.22293659228106,-0.12729181690559838
donchian_55_10,False,0.5,1,71.55216785658456,19.710451877768122,-18.238555011284586,1.1051426314212747,-0.6011212774752139,-0.3492636568009244,-21.222809474540348,0.05862285026429116
donchian_55_10,False,0.5,2,167.9678746975914,38.89744081375055,-33.75819211390561,1.1051426314212787,-5.472828518796257,-3.213258344471104,-38.84645410199224,0.058622850264284036
donchian_55_10,False,0.5,3,252.01482392790956,52.120233805522446,-50.88975493257257,1.051733757380076,-20.52856410849252,-12.482710570058686,-56.81607293041535,-0.02399158383567982
donchian_55_10,False,0.5,5,300.87799341529626,58.856164294846344,-70.70683592039614,0.9772610931018032,-44.86748335760799,-29.21478865953917,-77.92808076804029,-0.013558571113295248
donchian_55_10,True,,1,117.74680823709356,29.613607760620543,-24.70568780297564,1.1157608155794083,-8.957310719614531,-5.299890252789452,-25.02693812383745,-0.18314941187481093
donchian_55_10,True,,2,284.34241264644953,56.64123696431069,-44.68815028175739,1.1157608155794079,-27.261676209861907,-16.865144070726103,-49.369948012054586,-0.2616107353354992
donchian_55_10,True,,3,402.5540527462743,71.2882582321608,-60.45210383863762,1.0795201996291348,-45.38374712896631,-29.60018268696496,-67.05297261186386,-0.27595697297548794
donchian_55_10,True,,5,5.945481243002293,1.943798733863611,-86.81223240172746,0.8206488329531298,-67.72464029333817,-48.11943617615783,-84.27371821409196,-0.18584648841447973
donchian_55_10,True,0.5,1,74.22360275034119,20.328636834009274,-17.36122295683453,1.1584403364767186,-0.8139288370292763,-0.47312151801502944,-18.987167056748543,0.04795478732606747
donchian_55_10,True,0.5,2,177.6317310040143,40.54747044080076,-32.32009442118719,1.158440336476722,-5.651749288368024,-3.319607687788484,-35.21043810621447,0.04795478732606323
donchian_55_10,True,0.5,3,273.7548831148194,55.189484963280776,-49.27180320293394,1.1030562331979752,-20.46965109173191,-12.445068912863299,-52.78057532355452,-0.03663463111070825
donchian_55_10,True,0.5,5,388.63927767258673,69.69255593588517,-66.34589445714793,1.0531904374773047,-44.12971907551243,-28.666661997356847,-74.14676516034697,-0.025971417205135874
donchian_55_10_ls,False,,1,83.23710208211968,22.36892314877592,-46.591765594847004,0.7247835312705442,-14.169895962950008,-8.485059782815485,-37.863609208987015,-0.06960255817601256
donchian_55_10_ls,False,,2,114.7005826149177,29.00634598409242,-75.01345965558812,0.7136725729677464,-44.79645643628828,-29.16188538354757,-69.32261902914493,-0.11528330217669243
donchian_55_10_ls,False,,3,57.75520134010706,16.411145407028236,-89.08684956748067,0.6988333981954544,-71.79096222269143,-52.0191523162898,-87.23374113757663,-0.12398628292905185
donchian_55_10_ls,False,,5,-97.83753167887915,-72.13986276645488,-99.52229486510423,0.4188325972700171,-95.81980044625034,-84.15472800950103,-98.52522019835051,-0.07437067190738535
donchian_55_10_ls,False,0.5,1,49.22405148648625,14.273696399875346,-32.17212237216175,0.6974000672383441,1.3042415250776207,0.7547745191234911,-23.25913199264281,0.15946971692037723
donchian_55_10_ls,False,0.5,2,90.76149548414467,24.021478997795786,-55.861019979035746,0.6974000672383442,-8.83321672356594,-5.225008805536913,-45.26384243586467,0.15946971692037415
donchian_55_10_ls,False,0.5,3,93.79497754070496,24.675419786328767,-74.4680421638286,0.6606240766116277,-32.67324446894011,-20.51234390979205,-66.5043104464902,0.10782107549129202
donchian_55_10_ls,False,0.5,5,-1.2698666584803897,-0.4250933693457304,-91.58549209368694,0.581992898485284,-71.47807200587792,-51.711041428849335,-89.32289570282356,0.11445056130773214
donchian_55_10_ls,True,,1,94.90829433878577,24.913709904803703,-43.05221736355189,0.7832155751746885,-15.798930568068915,-9.497028107952598,-39.86800164523624,-0.09979414163819143
donchian_55_10_ls,True,,2,144.83575358409513,34.77984300916348,-71.37084254654647,0.7717927912937586,-46.92152380725072,-30.75730237101505,-69.10675612575834,-0.14513735859994764
donchian_55_10_ls,True,,3,106.42657991404474,27.327400422861547,-85.61990879111008,0.7729540930939804,-73.44275903857051,-53.670103217205714,-87.12457717071582,-0.15376374243991697
donchian_55_10_ls,True,,5,-96.26990641136037,-66.58768430607012,-99.14904095298365,0.49216066149451526,-96.23903390934943,-85.09726572242477,-98.51440588083264,-0.1045289615464908
donchian_55_10_ls,True,0.5,1,51.418582124958625,14.83115287554031,-30.970404393668392,0.723205592637231,1.028611130200141,0.5956065936746135,-23.417535064648142,0.15294045522614277
donchian_55_10_ls,True,0.5,2,96.9716390233949,25.352952118732254,-54.15241862367546,0.7232055926372385,-9.216976443103519,-5.456717841471059,-43.120590700767,0.15294045522614233
donchian_55_10_ls,True,0.5,3,104.20709851985097,26.86941721257494,-72.85454151695333,0.6860066500026184,-32.97458946612717,-20.718989818747236,-64.47519775483161,0.10107830100371677
donchian_55_10_ls,True,0.5,5,17.858856983334114,5.630031257526857,-89.80311915806847,0.6257027852982282,-71.51322635026938,-51.745587810473694,-87.87182867906171,0.10773318158150161
donchian_55_20,False,,1,90.31257164072241,23.92411495550075,-34.85423957527548,0.8467045300724515,-4.930830526610941,-2.891612734243798,-29.955929908872157,0.024186003101130893
donchian_55_20,False,,2,170.74968604309495,39.3764249601491,-60.06763819602307,0.8467045300724498,-32.15967316279965,-20.161057213910215,-61.98491146648546,-0.1080047458692796
donchian_55_20,False,,3,147.20901663093642,35.21392997302475,-78.33565236146806,0.7986996367275675,-58.311998498637216,-39.81369479705429,-81.68359347638665,-0.1768744610848616
donchian_55_20,False,,5,-86.30308719913162,-48.452505182770864,-96.04777186926835,0.5484942154575885,-84.02717027834971,-65.50679791144931,-95.28817782000868,-0.11221831777253666
donchian_55_20,False,0.5,1,64.9428164336876,18.152922588292576,-25.93651324002677,0.9259169165783706,-2.094457594577026,-1.2207804611688355,-26.041279388045957,0.042618593696278725
donchian_55_20,False,0.5,2,140.73018259931374,34.02223262934665,-46.65689571149218,0.9259169165783717,-10.807558091088243,-6.421504865524119,-47.96958249676059,0.04261859369627325
donchian_55_20,False,0.5,3,187.09392479045,42.12637113683522,-65.5013890860877,0.8810825262952742,-37.03438960641776,-23.542077716585,-71.03922912268294,-0.08857169216366811
donchian_55_20,False,0.5,5,126.89570172614269,31.404051648257237,-85.08627313714706,0.7967301389600638,-65.94378727724924,-46.477053694715146,-89.6727724211172,-0.059324337599233314
donchian_55_20,True,,1,115.49428781409463,29.165120728723192,-27.85685768401307,1.0072637921173335,-3.464062876807994,-2.0250053906663346,-27.091512215505176,0.04530802730590147
donchian_55_20,True,,2,254.93499105653737,52.53971783633051,-49.499406900836085,1.0072637921173337,-29.102656776509804,-18.092695796452407,-58.269614000428405,-0.0951116268623435
donchian_55_20,True,,3,307.4622257303143,59.72115830327809,-66.22300255179957,0.9767611830942143,-54.54593272908799,-36.71595898896975,-78.51191160893842,-0.16759342160426532
donchian_55_20,True,,5,-62.17603274399539,-27.68045369052595,-92.8246005808256,0.7124156297734702,-80.0565718897825,-60.76410932932133,-93.36505003897861,-0.0957616474218562
donchian_55_20,True,0.5,1,72.82344591640934,20.00542705002082,-23.183913989428607,1.0270562167969497,2.7783539811913283,1.6029616677224467,-19.985646857311213,0.17819704629198777
donchian_55_20,True,0.5,2,166.14964027232637,38.5825753668801,-41.803422088202765,1.0270562167969444,-0.9150403974620858,-0.5320093643033541,-38.6459546758166,0.17819704629198554
donchian_55_20,True,0.5,3,237.30643536397372,49.97131827369914,-59.988069325168304,0.9800812498715041,-25.365205217637655,-15.614152048912366,-62.49192526635411,0.03336498837927632
donchian_55_20,True,0.5,5,231.71236824549428,49.13762463293037,-78.72476780377723,0.9141853506113795,-50.57216853225237,-33.56209527915668,-82.67549997510974,0.09128696196831605
donchian_55_20_ls,False,,1,22.79064402090032,7.083303114701889,-62.665645401552226,0.37195200888268193,-6.246577021664179,-3.6737794379045896,-33.88983396288566,0.1271121413531563
donchian_55_20_ls,False,,2,-13.425557425872704,-4.691880360439571,-88.12953336269972,0.36336337621684733,-45.83966154448229,-29.941798780495212,-69.34536294484882,0.03989366304463158
donchian_55_20_ls,False,,3,-65.99869315803784,-30.20378531243113,-96.60186713122462,0.3497861933679103,-78.17070454994499,-58.65205871141872,-90.09312170639463,-0.002796830862617035
donchian_55_20_ls,False,,5,-99.93437322191309,-91.30985490369974,-99.98554334152504,0.088253865568671,-98.29277929723655,-90.57628496938996,-99.43792328993494,0.04203603051690818
donchian_55_20_ls,False,0.5,1,15.666915768822776,4.971092803936461,-48.88544569064731,0.3157371791839644,-1.9828591036267218,-1.1554591323493346,-26.110963347990857,0.12147886156286354
donchian_55_20_ls,False,0.5,2,9.188886723355738,2.9736592470775314,-75.35294111508351,0.3157371791839766,-19.124098872193617,-11.588508396319398,-51.81858908190253,0.12147886156286053
donchian_55_20_ls,False,0.5,3,-21.74001308204031,-7.846198142789129,-89.58123882897893,0.28505271987682684,-53.252455497890885,-35.67710219807173,-76.95376630613718,0.03337696511693861
donchian_55_20_ls,False,0.5,5,-85.27664258852957,-47.195741118386,-98.36788389557485,0.1933275180360712,-87.80659065644602,-70.50889353823158,-95.56009715921061,0.04733279071705727
donchian_55_20_ls,True,,1,37.54739978851007,11.211780779985636,-59.363327257950345,0.46199142842751456,-6.24392422686868,-3.672197823233736,-34.09084370695011,0.13516326549759528
donchian_55_20_ls,True,,2,8.293986411957754,2.691566845091331,-85.98917432432478,0.4529909802965809,-46.7942771534384,-30.66102464522623,-68.3864054818904,0.05000686830918803
donchian_55_20_ls,True,,3,-49.39103739712063,-20.309024139645526,-95.3683278182202,0.45316152584596076,-79.34619708138955,-59.95908519288533,-89.96567300964375,0.008437412442679362
donchian_55_20_ls,True,,5,-99.86860567701093,-89.04719050735612,-99.9697646516611,0.1916786632344778,-98.5917677614659,-91.57245087731312,-99.51033249531888,0.05424209574372539
donchian_55_20_ls,True,0.5,1,20.810981873527147,6.504707668359844,-47.193557074623996,0.3713699940193264,2.2842203017437335,1.3192152808624291,-23.675371440146463,0.2005617813862169
donchian_55_20_ls,True,0.5,2,19.213022115380475,6.03304479277833,-73.67399328752442,0.3713699940193304,-12.303660542401552,-7.335596751909412,-45.24342971654853,0.2005617813862094
donchian_55_20_ls,True,0.5,3,-10.601160530179365,-3.6665101436093916,-88.48408104873468,0.3406266028683981,-47.581468094328336,-31.258193596458096,-73.02040812030157,0.1119451570503092
donchian_55_20_ls,True,0.5,5,-80.0994734329021,-41.61676044796193,-97.9121359830479,0.26371327427076435,-85.08659773823842,-66.85347472105109,-94.56968472047286,0.1413126606936219
sma_30,False,,1,115.14556807794224,29.09541007187537,-40.509418196107625,0.8827960658989789,-3.4573474182846065,-2.021050469950636,-38.3989719473793,0.09577024772775361
sma_30,False,,2,210.01203406921582,45.81186031881044,-69.85518535074272,0.8827960658989815,-21.751658932893193,-13.266854596124379,-64.92980952968266,0.09577024772775379
sma_30,False,,3,153.80152960330244,36.405352341710476,-88.15032255734366,0.8411360727083835,-51.28392936987278,-34.11894769188224,-83.16465785415286,0.04783101165116147
sma_30,False,,5,-89.38728829310641,-52.65485449388008,-99.29029101689407,0.6779356121563778,-86.45431736307737,-68.65299388778392,-96.2972633093994,0.07534268569151138
sma_30,False,0.5,1,125.32771866573356,31.10065854176389,-24.00547032690248,1.1631217793124338,15.507466635778533,8.725584515123796,-32.30611530553998,0.43964184399890227
sma_30,False,0.5,2,313.64323181382093,60.524739646301875,-46.34421576115426,1.163121779312434,17.572233741777254,9.849196668962112,-56.95196684865154,0.43964184399890566
sma_30,False,0.5,3,518.6936738665529,83.57994065518659,-64.88467720772813,1.1631217793124355,5.744113242532811,3.294105028754868,-74.31247003241836,0.43964184399890116
sma_30,False,0.5,5,351.1898799332705,65.24174907999394,-90.18239066841706,1.0583124351765258,-48.82330355466773,-32.20796834902643,-93.51721031511165,0.38713279939684025
sma_30,True,,1,184.72045414658552,41.733623170816124,-30.856323205260207,1.2458507517189348,18.999534428459853,10.621074038865718,-26.130597663187626,0.49982499757790433
sma_30,True,,2,494.1683756107463,81.1214324687209,-56.23720473615864,1.2458507517189352,24.132114357490074,13.365178279720435,-47.900385558252154,0.499824997577905
sma_30,True,,3,727.0093197640638,102.22591133497284,-74.83989291310228,1.215724999413638,3.8739890563819213,2.230073627105922,-67.98282594406678,0.4416855609095538
sma_30,True,,5,72.13205180992533,19.84518271270126,-94.44011976911007,1.047301292113335,-39.81799206123253,-25.52207627280626,-87.23577464592572,0.47858324625267784
sma_30,True,0.5,1,138.65980881981287,33.63691132106359,-24.024538343987402,1.3532317224631372,27.001482108534614,14.878512779906195,-20.44344336737214,0.7216201754615247
sma_30,True,0.5,2,383.82660221311176,69.13360840755243,-44.495049930273055,1.3532317224631398,47.868643221040294,25.480645525304514,-38.76349774916555,0.7216201754615279
sma_30,True,0.5,3,733.855886698446,102.78243466610095,-61.42106095968568,1.3532317224631447,58.09164976126062,30.44399820150465,-54.43805411117598,0.7216201754615273
sma_30,True,0.5,5,937.4233413654187,118.09816170739644,-84.24627157604687,1.2577377539832255,21.127001450102068,11.764423256372725,-80.41972779181205,0.6546910309388086
sma_30_ls,False,,1,32.345946097958446,9.791878130556064,-69.73907553887237,0.4389114592503627,-8.367127220482406,-4.944139948865612,-35.97870346847868,0.16844868248937409
sma_30_ls,False,,2,-13.996683179881419,-4.901923330255375,-92.42806406103024,0.47230369692180824,-48.60440960899722,-32.03985849988623,-67.62355988979851,0.16844868248937522
sma_30_ls,False,,3,-77.39551576125197,-39.08397810581852,-98.58614491879847,0.4686595692242643,-83.85677671932527,-65.29374935797512,-90.75677515143981,0.14139866330291445
sma_30_ls,False,,5,-99.9897001619977,-95.3124764276222,-99.99958396205784,0.31408540393884443,-99.64238047623238,-96.19561751058585,-99.81806840396642,0.17470417788088713
sma_30_ls,False,0.5,1,55.22330902462209,15.785003328930625,-49.787421451299174,0.5918872928534367,18.808550764670272,10.518017060287587,-29.210455186008176,0.4478350344046726
sma_30_ls,False,0.5,2,90.11496747443618,23.881209396710812,-74.50225367512107,0.6531822137743077,6.81231763225314,3.8983299694567375,-51.74439668642108,0.44783503440467115
sma_30_ls,False,0.5,3,59.0814413896275,16.736456361757,-88.73107519133852,0.6688402382392191,-27.466408859522073,-17.001008565517463,-68.40940838619602,0.4478350344046716
sma_30_ls,False,0.5,5,-74.98977737787034,-36.99536221080212,-98.50619145933072,0.6313164371018477,-87.15253205458045,-69.60101056381637,-95.3566372231771,0.41847961580756354
sma_30_ls,True,,1,66.62728329053047,18.553770582856966,-67.43341209042082,0.5868294701833977,10.03277149209676,5.704791153509436,-37.82631582202336,0.3707535196000045
sma_30_ls,True,,2,35.24129236581166,10.586752336407844,-91.07068072352752,0.619791759494505,-26.495460920739045,-16.35808735046269,-65.88142698515314,0.3707535196000036
sma_30_ls,True,,3,-53.2005591299687,-22.360948426216375,-98.06222846793263,0.6269944792291631,-72.70359382757543,-52.926140712452586,-85.79626194247263,0.34515582286469954
sma_30_ls,True,,5,-99.95799762485076,-92.51098644727111,-99.99837026153304,0.4879385885183601,-99.16791483176979,-93.78984942614473,-99.50293517081246,0.38012924940626147
sma_30_ls,True,0.5,1,60.62094750307707,17.111819341108415,-51.66594329880046,0.6221651686976197,28.27995964382801,15.548167984494675,-27.360127066063257,0.5590396201974839
sma_30_ls,True,0.5,2,102.64824764651559,26.54576557486528,-76.37349076895596,0.6830913835306829,25.028248532093443,13.839370656988503,-49.030369249986315,0.5590396201974835
sma_30_ls,True,0.5,3,74.01939742494528,20.281606553404806,-89.9104956157442,0.6985928149970678,-7.609154871778934,-4.488657582307787,-65.55051933241221,0.5590396201974848
sma_30_ls,True,0.5,5,-68.48904770616527,-31.951193995906944,-98.59788921325885,0.6765839373559973,-80.6148820213957,-61.405288753741836,-91.27474932760927,0.5295371337932461
sma_50,False,,1,134.65692081371827,32.88555946403784,-36.56420100264973,0.951874178827665,15.986082259639932,8.986784839743066,-37.803304475342735,0.42269173026069495
sma_50,False,,2,262.5443903598327,53.62211143063178,-63.084685697876154,0.951874178827664,-7.333719251606919,-4.323531025797034,-69.1565064518054,0.3003268024248981
sma_50,False,,3,211.86291848088393,46.10146797750436,-83.39659625274616,0.9105057790135916,-40.75352701018042,-26.196120011901147,-85.90915210543668,0.285831966393534
sma_50,False,,5,-93.60081969296893,-60.0017077665959,-98.7361497692174,0.6802258560992404,-73.84716286449998,-54.08080968678634,-95.99561914063266,0.4105496962031501
sma_50,False,0.5,1,134.75736550403812,32.904517275285116,-22.858042665076983,1.2113563474448612,32.6387362578225,17.810479097650944,-31.70887255670676,0.7159582425861866
sma_50,False,0.5,2,347.7706352868147,64.82327393323352,-42.629326805612536,1.2113563474448557,53.42191710659054,28.194056452225503,-55.435184072002244,0.7159582425861887
sma_50,False,0.5,3,593.3595824581477,90.68630675577496,-58.9500293463493,1.211356347444857,26.211783667027078,14.46346172067905,-77.41845298970593,0.598251637964402
sma_50,False,0.5,5,434.8191837767519,74.87819374447552,-87.1637694978239,1.1074347172961532,-37.266130474278704,-23.705495686726042,-94.78881616067387,0.5922306591499162
sma_50,True,,1,193.63013573096958,43.19687550579354,-28.173036210935265,1.227212155720142,27.818763565537473,15.30692195339336,-26.369205888256296,0.6131499595617383
sma_50,True,,2,508.8444722691733,82.60056730472054,-52.998953779305445,1.2272121557201363,16.101323503220332,9.049609130661684,-56.80337315249013,0.4697953084319751
sma_50,True,,3,709.5830598103028,100.79542065362838,-72.08820777369172,1.1991763787967042,-12.921962535019027,-7.715277509150919,-76.60021442871233,0.4527421639342421
sma_50,True,,5,-35.12579641264297,-13.432007489033804,-93.45000364657338,0.9604945391624873,-41.23200896223459,-26.54258769158311,-89.35471942306354,0.6020816301096519
sma_50,True,0.5,1,151.22622765890864,35.942418613189034,-19.709008973577944,1.387500141963293,37.825137817057474,20.46208170909669,-21.21328158370297,0.8707645164301042
sma_50,True,0.5,2,429.71948901727217,74.32057528585261,-38.86200757780912,1.3875001419632895,70.98785905783893,36.516934174517715,-39.95526449914841,0.8707645164301008
sma_50,True,0.5,3,837.6335473818655,110.86817813665468,-55.91198865566349,1.387500141963288,55.579421573330954,29.23709254721858,-64.02540515898329,0.7272119845909414
sma_50,True,0.5,5,1083.253680092236,127.87286952434789,-80.70321324811637,1.2964700688742798,3.597115941939899,2.071862130954205,-87.29069204738995,0.7198722257980603
sma_50_ls,False,,1,56.37152543531327,16.06979683652574,-58.5510158761108,0.5461865601672555,33.68282420458013,18.3477304255544,-40.278604216929345,0.58243070141531
sma_50_ls,False,,2,15.785868246392386,5.007064754094781,-85.65477581553354,0.580810518789791,-7.69454874942721,-4.539894055681515,-66.88297311869268,0.5087437941351896
sma_50_ls,False,,3,-66.61129956118073,-30.625504393630866,-96.98775011463933,0.5780424898384616,-62.14513828268772,-43.089836036360154,-89.18663991532158,0.5008403812272879
sma_50_ls,False,,5,-99.99286835315185,-95.85303907637241,-99.99925093627569,0.37132017243226917,-98.05148703171356,-89.82490479991417,-99.63824822079103,0.5955264685741067
sma_50_ls,False,0.5,1,66.6333787543917,18.555216187278955,-41.59606773473158,0.6485880271053285,58.3130132209756,30.549956694525182,-34.708953434936795,0.8598205694713491
sma_50_ls,False,0.5,2,116.35117566923631,29.33609764191636,-65.63867036291265,0.7143151452606847,89.65823999054588,44.97834643450855,-58.89538457839021,0.8598205694713457
sma_50_ls,False,0.5,3,89.41861590563431,23.729773989089907,-82.41631355511215,0.7317429976833103,45.29159810092875,24.2069560257139,-75.1177811738803,0.7849647020830355
sma_50_ls,False,0.5,5,-73.72130295111351,-35.947717649359554,-97.56941329474907,0.6696971609843941,-58.684268079352805,-40.12616091699782,-95.07986511282284,0.7771054467893798
sma_50_ls,True,,1,87.39510682029315,23.287604864900267,-59.106009732122786,0.6577982413514852,44.22234909709311,23.675705902507982,-34.28078358550229,0.6625613463033648
sma_50_ls,True,,2,63.649389107414734,17.843272993785387,-85.96385824239528,0.6923251632749954,6.301662762787497,3.609798345287807,-67.36903788179181,0.5889983189117562
sma_50_ls,True,,3,-41.82735800354188,-16.52182817027058,-96.11768700733924,0.7002996201854899,-53.926731021943375,-36.21711994032003,-86.49731265546457,0.5810815295418579
sma_50_ls,True,,5,-99.97932691666634,-94.0870834228711,-99.99814643189005,0.5095467784227895,-97.41739365119498,-88.01772327074202,-99.37317889801314,0.6772879090076205
sma_50_ls,True,0.5,1,74.87544554180087,20.47851652189816,-44.007353650289836,0.689603349656652,61.58191094895666,32.107484970222266,-30.316077547313945,0.8863846027815667
sma_50_ls,True,0.5,2,136.7516729737667,33.27980608559884,-68.31129986815971,0.7551375707572029,96.90906874826342,48.169333105773916,-53.18491560421828,0.8863846027815601
sma_50_ls,True,0.5,3,114.91710104759636,29.049697624737234,-84.33542554838814,0.7724522788344509,52.89528925370668,27.938527704698735,-69.76395763640963,0.8117746051434738
sma_50_ls,True,0.5,5,-65.19905185825333,-29.660864644435993,-97.26850272488232,0.7256858289547596,-56.28185789592391,-38.12988073733676,-92.10480452790209,0.8029436782982838
sma_100,False,,1,55.030006444208745,15.73692026457747,-51.65530242730121,0.5845868330408571,18.0713034257437,10.119536014849517,-29.566709750091967,0.4508284007657085
sma_100,False,,2,60.843387061525746,17.16585605628915,-79.32848255187544,0.5845868330408567,-19.695385503169494,-11.951445470564526,-66.29451158640708,0.26358322528729916
sma_100,False,,3,-13.34491405109739,-4.6622966367097955,-93.3238132256895,0.5218839598015087,-61.21033628823949,-42.27850221185042,-87.59197028344485,0.21388818581925176
sma_100,False,,5,-99.32358407529598,-81.08797901149006,-99.81141133970141,0.2908214808480451,-89.50807142276787,-72.97187689037762,-98.10853417146511,0.31934152165796714
sma_100,False,0.5,1,61.37937807633283,17.295858742912618,-37.38080933643136,0.764212642958091,28.547306633784043,15.687847258655975,-24.99009811796539,0.6619211939408961
sma_100,False,0.5,2,115.89330077610023,29.24479303422187,-63.216843208179995,0.7642126429580894,28.753357674735835,15.79541840247094,-51.782535102846005,0.5518441376710802
sma_100,False,0.5,3,99.46057459543323,25.87873076307272,-83.12718525224008,0.6888434166517372,-2.584442686464583,-1.5079513190404348,-74.29585833121155,0.4828212392245346
sma_100,False,0.5,5,-12.871968298625536,-4.489166657037725,-96.16178718662103,0.6342053741994005,-76.92050230034411,-57.29398385036638,-96.0107851003247,0.4901809775023143
sma_100,True,,1,105.94702215959688,27.228724196735765,-41.81781044126948,0.867246738432431,12.963123282254841,7.329332869909955,-26.704101884649177,0.37937962913817086
sma_100,True,,2,193.70441915985563,43.20894994541864,-69.02506149750943,0.8672467384324289,-25.176169014821824,-15.4901911106627,-63.76123221712974,0.18992875398128617
sma_100,True,,3,140.37306847607888,33.955927526703555,-86.23781505808361,0.815896881269379,-64.16259899498709,-44.87004489857059,-86.54318433220587,0.1375642655604277
sma_100,True,,5,-94.85831742273771,-62.814945646990616,-98.85543005436718,0.5697335825741667,-89.81553722165273,-73.43436411640074,-97.62549278061117,0.24559497822388854
sma_100,True,0.5,1,85.96081599641612,22.97225804739753,-32.63814444974577,0.9799154056442186,21.19458503802003,11.800605478604709,-22.390862527816914,0.555328055717279
sma_100,True,0.5,2,190.45082335024102,42.678172265623914,-56.907436206982965,0.979915405644222,16.058374857300993,9.026198540767583,-48.75517858274371,0.4424094831800106
sma_100,True,0.5,3,217.48238402113654,46.97378464458326,-78.19291479026485,0.8972171386359468,-14.886017946388296,-8.928918093874906,-72.12936956613122,0.3725895120345734
sma_100,True,0.5,5,135.819962112221,33.104740097394746,-92.66787269347597,0.8734439101616067,-80.2715510635963,-61.01009435577871,-95.59697480377751,0.3799968093904301
sma_100_ls,False,,1,-31.771206407979836,-11.964892799034788,-76.91963121060861,0.019456389010057112,36.62299766110928,19.85125677356745,-40.81501113818007,0.6050562142126019
sma_100_ls,False,,2,-77.01165731068403,-38.7410962254378,-95.34869240484419,0.05319620491865532,-23.751016414129634,-14.559839951944664,-76.42607641416045,0.4884119574667394
sma_100_ls,False,,3,-97.2556258877884,-69.83654365298925,-99.47732070977395,0.024190990326755694,-79.06140645345243,-59.639621502352526,-94.0704225177021,0.45682534484553033
sma_100_ls,False,,5,-99.99984130978122,-98.83359317284915,-99.99996979751477,-0.16224733098426145,-99.52803344272756,-95.53107714277004,-99.88448868097741,0.5371546259456093
sma_100_ls,False,0.5,1,-21.000301129515954,-7.556762803863915,-63.030213284440016,-0.05360324916041829,45.137620199230824,24.13055438938667,-28.70378319120046,0.7188897397169441
sma_100_ls,False,0.5,2,-49.249048038618646,-20.23456628133944,-86.11356748951977,0.006747990469388042,37.462248584429126,20.27792886487305,-50.876095814376,0.6521227486631885
sma_100_ls,False,0.5,3,-80.2907114072653,-41.8043777449799,-96.06167861164752,-0.02222070639987288,-16.494620090213697,-9.931696674210356,-76.1526753782581,0.6085191503624828
sma_100_ls,False,0.5,5,-99.26427344480753,-80.55063273565092,-99.86770685248867,-0.07577473974002424,-90.97241190483493,-75.2296168749214,-97.55051507932471,0.6011671725824416
sma_100_ls,True,,1,-13.217638440731305,-4.615643370036537,-75.18549085736788,0.18341002167761838,28.904982230016962,15.874529478025279,-44.657110276469346,0.5455959096665842
sma_100_ls,True,,2,-64.86287694588948,-29.435099547962686,-94.81456232054902,0.21697432923000595,-32.70471201849116,-20.533904455701123,-81.34452207608444,0.4319802288344459
sma_100_ls,True,,3,-94.94419444773082,-63.02313217939557,-99.26451417314394,0.1989543995319274,-82.83280193675462,-64.03279772300992,-95.30881738505859,0.4005062402011525
sma_100_ls,True,,5,-99.99966332492967,-98.50122311509786,-99.99995189856935,0.020877183430243706,-99.66971816780683,-96.3671865210932,-99.9191652681785,0.479845510938484
sma_100_ls,True,0.5,1,-10.75535634721133,-3.721927602726971,-62.172117417617656,0.07402026679286165,35.297943509253905,19.175357885309865,-28.70378319120046,0.6208937326662182
sma_100_ls,True,0.5,2,-36.90032439128159,-14.228624364097254,-85.60742006472798,0.1344143484325167,18.522976615769604,10.363788161384724,-55.93819272942995,0.5565253410816015
sma_100_ls,True,0.5,3,-73.71114299072563,-35.93946400826056,-95.91167650721663,0.10668926191766707,-33.89521683552247,-21.35273405649656,-78.69580909150382,0.5146931468008633
sma_100_ls,True,0.5,5,-98.82526768066722,-77.26754679532358,-99.8134111143115,0.07439941171185975,-94.16543350903194,-80.77210000409373,-97.95792846689933,0.5068395850553392
sma_200,False,,1,103.74171981290812,26.772967359743085,-35.899619498785725,0.839248064074468,-11.805348896851008,-7.030415446740779,-38.1934988954438,-0.037953709910662554
sma_200,False,,2,181.4035010818723,41.18107967030278,-61.64405846452815,0.8392480640744682,-64.22251980935731,-44.92355349261226,-81.70360697253246,-0.24223851022623766
sma_200,False,,3,106.55137920655986,27.35305469066096,-81.80393736757316,0.773531782925536,-89.48820352228995,-72.9421887980103,-95.91660479339508,-0.27279229404222805
sma_200,False,,5,-98.00392928385983,-72.87361168360962,-99.40654881401345,0.4921576407862635,-99.3429978462818,-94.58542721095723,-99.8334031706938,-0.29233947699739044
sma_200,False,0.5,1,103.7488487700244,26.774445944996273,-23.31124829933866,1.0485742876969744,5.505665487913292,3.1588789420711416,-24.723553012611667,0.2512525191706392
sma_200,False,0.5,2,241.84751945226063,50.64133101155237,-43.60806983538181,1.0485742876969726,-23.702337123690132,-14.528191222450104,-57.435937877952135,0.055797012260165056
sma_200,False,0.5,3,250.37306172714736,51.88337396863392,-67.0914839687748,0.9252977902605778,-54.93283345175301,-37.02910106670147,-80.47040584679581,0.04267748324487953
sma_200,False,0.5,5,151.73519574643817,36.034160202591316,-84.87640276169843,0.8995707987451306,-100.0,-100.0,-100.0,-0.3188810048694617
sma_200,True,,1,149.66510878771874,35.660251442264965,-36.09591959940247,1.0583622919948774,-1.8541253742504038,-1.0801468888959942,-29.701911814542648,0.12165252805930146
sma_200,True,,2,336.63351931904026,63.44527021525794,-61.44779375753746,1.058362291994879,-53.88262639873502,-36.181696216050106,-75.36883234109824,-0.12441545754745106
sma_200,True,,3,345.2189111963289,64.5095828339102,-78.82554090628118,1.0047788571747938,-83.6630662543235,-65.05269004212029,-93.22869249541702,-0.15297011040497463
sma_200,True,,5,-90.02341745213928,-53.62037137707545,-98.82043164324334,0.7163872553042384,-98.28573516541695,-90.55374119186165,-99.51621555463859,-0.16407144465643486
sma_200,True,0.5,1,118.94003014468102,29.849931396410014,-23.21924977782008,1.182690445197738,11.56227512510588,6.554959453980769,-18.51701595195602,0.39032008976695115
sma_200,True,0.5,2,301.4891951948096,58.93685706507428,-42.97423267851387,1.182690445197745,-12.863763598594469,-7.6794911474942325,-50.11493387613473,0.1588945524443989
sma_200,True,0.5,3,357.3855763447898,65.9946744728813,-62.531891911416615,1.047692881626222,-43.188371755133815,-27.971673448031385,-73.62241941975311,0.14355750940123785
sma_200,True,0.5,5,361.0694286399025,66.43913205726761,-82.68739268642437,1.0400612488777528,-100.0,-100.0,-100.0,-0.45513057088585884
sma_200_ls,False,,1,18.437184081635174,5.8025230635675,-65.36321889828275,0.3682953078218695,-20.79196305195178,-12.651149117466387,-55.71987013175062,0.002756870198573993
sma_200_ls,False,,2,-40.22444960835805,-15.762036069559526,-91.16724744076795,0.3611173695451571,-78.04521601664709,-58.51429411895346,-91.36495038253048,-0.14654201908954045
sma_200_ls,False,,3,-89.28696344125217,-52.50613329976224,-98.47964212295346,0.3189535886676391,-96.72562793062669,-86.24852346511904,-98.89704652902076,-0.16386552767750034
sma_200_ls,False,,5,-99.99934822614247,-98.13204828588225,-99.99976610798102,0.09159338220102352,-99.98281083478635,-99.34631213294031,-99.99443791046433,-0.17698681870375438
sma_200_ls,False,0.5,1,24.60661579188259,7.6086130066503666,-45.29484467830493,0.38577930881154954,-3.224174669868596,-1.8838000649442521,-41.43869650999821,0.16240532250226777
sma_200_ls,False,0.5,2,11.303220698694405,3.6340754109163376,-73.5639972913689,0.3857793088115579,-46.57070899405971,-30.492101613077025,-76.97696911291794,0.04290759427436971
sma_200_ls,False,0.5,3,-45.34438349936356,-18.239237607607116,-91.36802140032886,0.30823536070907315,-80.64546399812224,-61.44063237020105,-92.7892715418264,0.026160769747865173
sma_200_ls,False,0.5,5,-95.62638948316125,-64.76723705957961,-99.42676155923559,0.25033706826814134,-100.0,-100.0,-100.0,-1.0292785444176429
sma_200_ls,True,,1,38.76147027007879,11.538028619114616,-63.99294779249036,0.4714644539857182,-15.082459444218511,-9.050947801343845,-53.5419730919988,0.09627237248887296
sma_200_ls,True,,2,-22.317346347069556,-8.073367545986565,-90.68334392328322,0.4643402322041218,-75.66738151154102,-55.963390125488054,-90.51521732023514,-0.05417966384735481
sma_200_ls,True,,3,-84.64181405563538,-46.44747238999973,-98.47299633360859,0.43344575435727795,-96.40052686966196,-85.47201362475727,-98.71884150836159,-0.06915457860200076
sma_200_ls,True,,5,-99.99900453499946,-97.84882703230005,-99.99982096714794,0.22403211043984575,-99.98382279869267,-99.36892776433343,-99.99429984101404,-0.07739851203039289
sma_200_ls,True,0.5,1,30.81349040286334,9.366465775621059,-46.41186288838258,0.43015317340767084,0.6412880119592623,0.37163126880632724,-38.467785820060584,0.22143284843691713
sma_200_ls,True,0.5,2,19.175404086238768,6.021890603618307,-75.08744648609486,0.4301531734076762,-43.00317736694335,-27.83551663142585,-74.76825098880488,0.1016356059005125
sma_200_ls,True,0.5,3,-41.98337566624524,-16.596523821032683,-92.29588529878521,0.3554972335393041,-79.21669838297673,-59.813592407947056,-91.82134196329265,0.08481153337121888
sma_200_ls,True,0.5,5,-95.59887243347178,-64.69350122050767,-99.5855622683299,0.31100314034632576,-100.0,-100.0,-100.0,-1.12214078964319
ema_10_30,False,,1,94.22110965182087,24.766735029457475,-43.75631968141448,0.7724165672501214,9.142200505493836,5.207485671193024,-40.27494204212489,0.31872913573108963
ema_10_30,False,,2,141.3480064725693,34.13678882214122,-71.74574005100736,0.7724165672501228,-18.634088659554493,-11.278062468628436,-71.8327602772338,0.19950166925158602
ema_10_30,False,,3,43.68303273454075,12.841407705389374,-90.4853142008054,0.7132520441548545,-58.752013529018576,-40.18315024500193,-87.98917739861113,0.10831593167834214
ema_10_30,False,,5,-99.31173344619448,-80.97817324796694,-99.86691420846984,0.4904954409636195,-88.38953459960884,-71.33544698131065,-97.34425257925852,0.18359446337858307
ema_10_30,False,0.5,1,100.81457462838151,26.162923245428505,-30.335018027646576,1.007145689877306,21.14111664593148,11.771980807983473,-35.327882505782505,0.5367763976964871
ema_10_30,False,0.5,2,225.50382474250625,48.201306405100276,-53.64975271750101,1.0071456898773021,28.431284544807834,15.627244841784037,-60.06038607292346,0.5367763976964841
ema_10_30,False,0.5,3,324.1595994560422,61.87375210138344,-70.66885431623582,1.0071456898773055,-4.238166028434631,-2.4816730807942333,-81.12349102206937,0.4206571151492218
ema_10_30,False,0.5,5,60.9510734541153,17.191998160260912,-94.87719052774268,0.8667681012659668,-69.78166004388623,-50.064636069842805,-96.93596612105473,0.3880384508256613
ema_10_30,True,,1,199.1824973970525,44.09383310081032,-31.495968025436326,1.2454192567636588,15.896067875577335,8.93769486070768,-27.47716360617496,0.42922218902009407
ema_10_30,True,,2,531.4376757607492,84.83185850151804,-55.25754751242524,1.2454192567636546,-5.80950850155999,-3.41344898235707,-58.7481825272425,0.29490621032862097
ema_10_30,True,,3,752.9255777946079,104.316628148882,-73.04752197945558,1.2172936061829043,-46.56890737008638,-30.490741553151203,-79.34642371364282,0.19682975733367886
ema_10_30,True,,5,-37.345390952626545,-14.430759986104558,-95.70754675758381,0.962967484254542,-79.58740306039385,-60.231106695665346,-93.5912399036525,0.28241367517604793
ema_10_30,True,0.5,1,152.28389515611894,36.132924961109715,-21.29791550346041,1.4060154888422156,26.762105320650175,14.752815415376098,-23.478376784595632,0.677337332953224
ema_10_30,True,0.5,2,435.5883105935304,74.96198473230955,-39.665487609208014,1.4060154888422123,44.56276202566065,23.845016898397198,-43.549641267444784,0.6773373329532181
ema_10_30,True,0.5,3,856.0934026450182,112.24303167749228,-54.98956314595962,1.4060154888422145,19.128173483516363,10.690450027576116,-67.82160794479904,0.5384699362884066
ema_10_30,True,0.5,5,1129.2175759177337,130.78606755479507,-77.03774778547488,1.313405554400187,-50.228758357311364,-33.29462954560537,-92.47500832017582,0.49958264708753525
ema_10_30_ls,False,,1,10.544103519492442,3.397933880267412,-64.23433969866208,0.32626707666890176,17.330419515977844,9.718035954625837,-38.42389548353166,0.44303753817364355
ema_10_30_ls,False,,2,-40.72318168059608,-15.996968023554171,-89.05974849765587,0.36044347441500024,-30.80577287733055,-19.24028950464053,-68.65528104273633,0.37061066221058925
ema_10_30_ls,False,,3,-89.09056543868378,-52.21766004103845,-98.3821860240148,0.34367420860360287,-79.70665941185425,-60.36609700634069,-92.66636491499808,0.31307515345529285
ema_10_30_ls,False,,5,-99.99931578058245,-98.10155305347182,-99.99992799769355,0.1359544207120772,-99.455431796399,-95.1441814276739,-99.86293840314391,0.3697367475630137
ema_10_30_ls,False,0.5,1,23.135634656876512,7.183495853685495,-49.01403821072539,0.3726637033962299,31.065476869841756,16.99757019327601,-34.097992423353,0.5876579584941423
ema_10_30_ls,False,0.5,2,18.8580882541727,5.927709180711527,-74.11850569503244,0.4350686192883504,29.36281354389316,16.113169189259757,-58.222540386748655,0.5876579584941433
ema_10_30_ls,False,0.5,3,-22.518507184329305,-8.152784774595045,-88.94678349801596,0.451929489747964,-20.240386418173017,-12.298694680586253,-79.71805610105504,0.5131550229063436
ema_10_30_ls,False,0.5,5,-95.85550916851108,-65.39354917883944,-99.38051336110118,0.36337815279654534,-87.90981813795632,-70.65403030879949,-97.85517796132623,0.47866867994190565
ema_10_30_ls,True,,1,62.49789282064167,17.56622621113173,-57.640899592769145,0.5699922060636582,22.46168748529236,12.477413755616574,-34.5566520378711,0.48894267881955256
ema_10_30_ls,True,,2,27.62303331261562,8.470011833880363,-84.4147376719888,0.6043665149019682,-25.26873546852678,-15.550875338018088,-68.63897388093332,0.41647551917755354
ema_10_30_ls,True,,3,-58.151397650463835,-25.20136840992706,-95.2681332644833,0.6112603933239715,-77.54304454872255,-57.96627428578394,-90.34911400721106,0.35923326024781627
ema_10_30_ls,True,,5,-99.98362791771757,-94.52940405094716,-99.99837414500648,0.41028507780892237,-99.38967927492465,-94.81211901026676,-99.78956485218114,0.4161920135892024
ema_10_30_ls,True,0.5,1,51.53924555234042,14.861647242828301,-43.26062206361097,0.5654019259343476,34.90570832039517,18.97474974937312,-31.113366611885063,0.6271067470251226
ema_10_30_ls,True,0.5,2,80.05314210466119,21.656009882269256,-67.23846643682319,0.6295161931061499,36.339155232278685,19.7067035406435,-54.427105373385864,0.6271067470251178
ema_10_30_ls,True,0.5,3,44.8763794776889,13.152944925477073,-83.53369633651704,0.6464385265024002,-14.443124508863193,-8.654225020376972,-71.13487696229312,0.5527660324088658
ema_10_30_ls,True,0.5,5,-81.36461336624534,-42.88114813249033,-97.55463837784083,0.5967217942579707,-86.98323699424938,-69.36920016177643,-96.02842715091354,0.5178618769089225
ema_20_50,False,,1,62.890811657777434,17.660908059558977,-51.28510674820917,0.6203209961229408,13.558843245497831,7.657417896266749,-31.060933288533686,0.3888671353712255
ema_20_50,False,,2,71.29930857867448,19.651607226037406,-79.58983520788037,0.6203209961229361,-24.413779970081762,-14.991581233357365,-67.83899356382739,0.1985210082414812
ema_20_50,False,,3,-10.922414321911212,-3.7820397675275563,-93.79482841741496,0.5592634016772969,-63.51441739477013,-44.29360702958011,-86.43498838165605,0.1464614414723434
ema_20_50,False,,5,-99.741060980747,-86.26804095203268,-99.9283705041467,0.2765605892090056,-89.53337746471945,-73.0097252468834,-97.65272733093954,0.25551511220052986
ema_20_50,False,0.5,1,64.39035495084973,18.020860754784373,-38.26217866297038,0.7692698662015418,17.5427197490605,9.833194266769919,-30.335753608550608,0.4858529339759995
ema_20_50,False,0.5,2,120.46018382708561,30.149765037097033,-64.73098783145554,0.769269866201545,8.780772570038797,5.005174412186952,-58.53006513226302,0.3773119236914143
ema_20_50,False,0.5,3,99.25624731735938,25.83573271504318,-84.59973670115168,0.6955550354321115,-23.229725587197482,-14.221363262025799,-79.58776936358483,0.3103940978094566
ema_20_50,False,0.5,5,-26.595724808130107,-9.792956012516175,-97.1729467151274,0.6340763820883042,-83.68330135072361,-65.077814901454,-97.31073019562092,0.3174876804865714
ema_20_50,True,,1,114.73053984515774,29.012345801807005,-38.70268151211596,0.9043587859522901,3.9768221811717686,2.2887896893039272,-29.177682246832802,0.231441924300736
ema_20_50,True,,2,217.89879190467687,47.03801320044636,-65.63963729658407,0.9043587859522901,-35.22978191243269,-22.278042531921127,-66.10143312918365,0.04435439406263232
ema_20_50,True,,3,167.62603992757886,38.83835390706069,-83.99716561405829,0.8523468261802081,-70.11647013797926,-50.386440727021565,-87.01673029905498,-0.012744132691754199
ema_20_50,True,,5,-95.93483735167328,-65.6157695534932,-99.01044507693578,0.5731147826583092,-91.5923465006539,-76.23139667850242,-97.67629801431514,0.09156529450601143
ema_20_50,True,0.5,1,90.4891881234809,23.96243835504457,-29.796575112424996,1.0101406751084367,14.183486525495837,8.000657173507086,-25.544088923368037,0.4356111655151384
ema_20_50,True,0.5,2,204.27190341774684,44.90630545032302,-53.259382763681515,1.0101406751084396,4.435003070272292,2.5501079305142893,-52.71752634096176,0.32012624353982755
ema_20_50,True,0.5,3,237.1941259029414,49.954671622588734,-75.58404787407078,0.9250154011678855,-25.888143006761865,-15.95775806322417,-75.2095236045379,0.24998054153158283
ema_20_50,True,0.5,5,158.96749979049392,37.324624859811586,-91.18088172795649,0.9028395464609467,-83.29800531728962,-64.60163373266099,-96.32650293459308,0.2573752845863294
ema_20_50_ls,False,,1,-22.525489090078498,-8.155543660790077,-76.8969658123593,0.10082278769773093,26.29844382589517,14.509061853607474,-40.66911257515693,0.5231022045666439
ema_20_50_ls,False,,2,-70.16505123375299,-33.17969830865927,-95.27256143142111,0.13521419947907862,-32.32573624091689,-20.274523135912403,-75.54538984164944,0.405360630620667
ema_20_50_ls,False,,3,-96.09829725829432,-66.08295093994529,-99.35525971612205,0.10572950721240537,-81.21562365557034,-62.10391757501381,-91.71347542078365,0.37315061165408564
ema_20_50_ls,False,,5,-99.99983139398248,-98.80978791171826,-99.99994897151254,-0.11518726109651416,-99.48627612306453,-95.30572920595304,-99.8383446326019,0.45736910144390386
ema_20_50_ls,False,0.5,1,-17.838797491353787,-6.339688973218949,-64.22529232771845,-0.007476564398330425,21.72623403862555,12.084939612159573,-27.447739066586607,0.4837358712344903
ema_20_50_ls,False,0.5,2,-46.03497396981445,-18.58505566184422,-87.1374520152708,0.05231356203556517,-0.4894721945050251,-0.2843263793545048,-52.35373708504933,0.4170263266390898
ema_20_50_ls,False,0.5,3,-79.14574015655258,-40.69860267036008,-96.57890026775155,0.024028002686165218,-46.30229454202731,-30.28968514427047,-78.34494613360295,0.3740930187054317
ema_20_50_ls,False,0.5,5,-99.23736370944144,-80.3163414605818,-99.81529002684229,-0.02211349078061378,-95.12075532344822,-82.66718290890637,-98.40802353469908,0.36119900221269513
ema_20_50_ls,True,,1,-3.049817735004101,-1.0271195376146514,-73.13588629450251,0.24988837339910128,14.064138866822606,7.935137078382337,-44.82198948295996,0.4166650616985578
ema_20_50_ls,True,,2,-55.33752429436281,-23.561128927527097,-93.75903915890952,0.2842142537437634,-45.04676370034011,-29.34845016025812,-81.14348413638687,0.30292316775416056
ema_20_50_ls,True,,3,-92.73923327862272,-58.28161434024119,-98.97364099275964,0.2655219268065575,-86.33433926099029,-68.49217585380327,-94.23848299878347,0.27040257113047883
ema_20_50_ls,True,,5,-99.99942930364789,-98.21295687853713,-99.9998858220702,0.07320195934598725,-99.70018110203695,-96.56555806337379,-99.90565489306779,0.35130080617406895
ema_20_50_ls,True,0.5,1,-6.843984619784694,-2.335446711571154,-60.719916427355614,0.11612776381454319,16.599567030417074,9.320928202070267,-28.750155772772867,0.4221285621504724
ema_20_50_ls,True,0.5,2,-31.739116180471385,-11.951093034649906,-84.57626793979948,0.1766752404410479,-9.664786293130156,-5.727619885264723,-57.93831641341933,0.3577086263090281
ema_20_50_ls,True,0.5,3,-71.02071806528903,-33.824706926555926,-95.53967550976554,0.14889714714249128,-54.299195779219886,-36.51684392439072,-79.86566553206333,0.31637967444970166
ema_20_50_ls,True,0.5,5,-98.51873205059582,-75.44097005410893,-99.69761844345,0.12886510250293529,-96.5538587058189,-85.83441165082345,-98.8631331471806,0.30329786021540434
ema_50_200,False,,1,112.58546494810786,28.581312865729846,-34.19226375419626,0.8995185938364776,-22.514193972020568,-13.758331765527066,-38.835560061419294,-0.22022504156844838
ema_50_200,False,,2,214.02506769248438,46.43833173365361,-60.720799181350706,0.8995185938364756,-73.10755781203602,-53.33166362969944,-82.79715183941296,-0.39327731375708325
ema_50_200,False,,3,166.48646779661385,38.64101210213635,-79.5211516674557,0.8471953703228605,-93.41524157993612,-79.37399996495624,-96.49545229192292,-0.4277164420034626
ema_50_200,False,,5,-98.58686811677437,-75.82345530577888,-99.59530897262368,0.4597965034842782,-99.87413188489275,-97.92450730203743,-99.94961907750367,-0.5372859120572985
ema_50_200,False,0.5,1,101.91130894551512,26.392182957712794,-22.70696667711055,1.066228723501855,-6.7439495143206685,-3.9706491036266556,-27.270253287453915,-0.022117127074734805
ema_50_200,False,0.5,2,239.86696665577233,50.34984514825356,-43.1517053420689,1.0662287235018573,-40.59275487397027,-26.079969100301504,-60.61140939988425,-0.18658180643127228
ema_50_200,False,0.5,3,250.8172743111321,51.94753416495019,-61.75772365677504,0.934954183364447,-69.19109518185572,-49.50063626004286,-81.04015827083309,-0.19731249228427766
ema_50_200,False,0.5,5,162.98749768917668,38.03155087763071,-86.85636414256396,0.9061265695688772,-100.0,-100.0,-100.0,-0.2550858793579357
ema_50_200,True,,1,123.32028394280417,30.71017329921264,-36.60436286717952,0.9992058091015567,-12.356321937836878,-7.367890673811283,-30.81731019364001,-0.1288246712919786
ema_50_200,True,,2,265.839886176789,54.0861785289048,-62.67645337203245,0.9992058091015541,-62.21916265845395,-43.15444064437982,-75.83194551005334,-0.3465009932283344
ema_50_200,True,,3,263.61053563045914,53.77255112483057,-80.3433048086087,0.9405837616449922,-87.36408747760315,-69.89249672477351,-93.27490008822542,-0.3902570061611944
ema_50_200,True,,5,-94.02409430117757,-60.90379722421564,-99.2715643209053,0.6054911864762806,-99.29978371283264,-94.38153015736349,-99.71972613982196,-0.5136334492698338
ema_50_200,True,0.5,1,98.58803266705691,25.69490994478747,-23.322138256285243,1.1288372869272776,-0.21131910256072528,-0.12267998729066365,-20.035594334456885,0.10229598546858244
ema_50_200,True,0.5,2,239.99806931776862,50.36917499677851,-43.54381896728822,1.1288372869272771,-29.15947041721748,-18.130790146421617,-50.49447449618904,-0.10868284919124402
ema_50_200,True,0.5,3,268.94372680865456,54.520715383894625,-60.12597429497968,0.9775704919705503,-57.353528554079006,-39.014542760888524,-73.58658449203968,-0.12188280082043025
ema_50_200,True,0.5,5,272.2102897849256,54.97540918036372,-84.04694186200075,0.9711615054370468,-100.0,-100.0,-100.0,-0.5393952189631271
ema_50_200_ls,False,,1,26.201404384751513,8.065747684890546,-57.429229039078976,0.40771865202590196,-36.165129371281836,-22.93133366839786,-49.336611352833835,-0.26580881710204685
ema_50_200_ls,False,,2,-32.21280064963705,-12.155232627765432,-87.88987422040714,0.3962919352043192,-85.21745025449113,-67.02255300999897,-88.58777851606399,-0.40108840004331137
ema_50_200_ls,False,,3,-85.1016503301437,-46.98736545447972,-97.57238251551718,0.3779097852724981,-98.0700676330264,-89.88132171323616,-98.64406829019666,-0.4247527021949814
ema_50_200_ls,False,,5,-99.99951567461414,-98.3080829081624,-99.99954804478703,0.06860868758352875,-99.99538404849517,-99.69518890872918,-99.99710419219939,-0.5104107031333412
ema_50_200_ls,False,0.5,1,21.948734257731672,6.838003986348795,-42.91683170211813,0.365253391809023,-23.672850349416517,-14.509024585079333,-35.649704243880564,-0.18121774356884401
ema_50_200_ls,False,0.5,2,2.0763403184231866,0.6873777320810959,-72.96983910525472,0.33607530945458125,-66.51258315196986,-46.9976174843055,-72.30295408383527,-0.287009461030034
ema_50_200_ls,False,0.5,3,-47.63807615567713,-19.39935233772957,-90.67391751687896,0.27881379516958,-90.39801071514391,-74.32690134625055,-92.6259567915302,-0.3017561199935194
ema_50_200_ls,False,0.5,5,-94.92028590610596,-62.96493683234059,-98.70468414204626,0.2408528303647172,-100.0,-100.0,-100.0,-0.9205476933488271
ema_50_200_ls,True,,1,26.468790139490306,8.14201429125685,-57.4789962776872,0.41189012632896194,-30.69446371788368,-19.1649276655952,-47.32264188008924,-0.18021004440300556
ema_50_200_ls,True,,2,-34.64677501790974,-13.219461409835098,-88.03575909466853,0.4007523174716416,-82.41499914800443,-63.52741275217737,-86.8844770509193,-0.3230232862132436
ema_50_200_ls,True,,3,-86.7561936842559,-49.02730371428999,-97.79877065684494,0.38279710581018717,-97.47494201024473,-88.17339295313619,-98.22594498336207,-0.34538347568811834
ema_50_200_ls,True,,5,-99.99947205269412,-98.2587403912076,-99.99969527640758,0.13580979915055683,-99.99206458890455,-99.58257653820482,-99.99502173596771,-0.41964319205994316
ema_50_200_ls,True,0.5,1,16.82986733675389,5.321724428884966,-43.87654051327481,0.3214971581400364,-19.79538048373197,-12.015083348205202,-35.64970424388058,-0.11436696994958949
ema_50_200_ls,True,0.5,2,-8.067808423811352,-2.765018075456438,-74.78325800493828,0.29343859248680065,-62.87223999601033,-43.726732228584375,-69.29206936857727,-0.22399019295161063
ema_50_200_ls,True,0.5,3,-56.51998628701638,-24.241757536315987,-91.91349316027919,0.23823750872120764,-88.72814532868442,-71.82356576197193,-91.34354966246778,-0.23927254303541098
ema_50_200_ls,True,0.5,5,-96.33090009413594,-66.77080305300582,-99.22603906849689,0.2158343562411115,-100.0,-100.0,-100.0,-1.1961916732584847
tsmom_14,False,,1,229.7915833404164,48.84920608060747,-33.89466366637721,1.2133315000343816,-6.609892614350588,-3.89056848477477,-42.372304703370034,0.05848287060375717
tsmom_14,False,,2,590.9907735038086,90.4689040210577,-62.03655714336378,1.213331500034381,-51.225580341317134,-34.07316988194178,-79.49411315044048,-0.1210077835621781
tsmom_14,False,,3,599.6996415664067,91.26575412428608,-84.83060160453293,1.149326468577078,-78.56912529911706,-59.09167430040063,-93.23921619325468,-0.10235928840054166
tsmom_14,False,,5,-83.42493987626507,-45.06889052450946,-99.44683587514585,0.9587092145010089,-95.49190743583691,-83.4449440253583,-98.9285360697122,0.009953235076916672
tsmom_14,False,0.5,1,204.95401077737307,45.01450679708541,-20.876263949700125,1.4125711503403746,14.574645554468479,8.215196469961095,-33.77739602973108,0.4156354286812103
tsmom_14,False,0.5,2,625.586668140312,93.5960230137916,-38.39777403283278,1.4125711503403748,-10.944818909250964,-6.505099257256397,-68.30269124106077,0.22912257325783147
tsmom_14,False,0.5,3,1253.07378193171,138.29073654131045,-53.18131685723342,1.4125711503403764,-32.107551283900115,-20.12546794024007,-84.20648499445312,0.2650272857181884
tsmom_14,False,0.5,5,823.029358263782,109.76764612652326,-90.06849687426588,1.2617002136320215,-87.6368918945523,-70.27141473898749,-98.54718491345687,0.27137456856218467
tsmom_14,True,,1,263.8175718968314,53.80173111384312,-28.332289086806195,1.477674063774316,13.23570530123732,7.47954376527562,-32.23563528740567,0.3977391683737582
tsmom_14,True,,2,867.7342004027689,113.10093891161395,-52.74784591165369,1.4776740637743127,-23.23587530638962,-14.225350671646254,-70.35396999541636,0.1412699874523671
tsmom_14,True,,3,1626.4102714579103,158.45285685109056,-71.45663658180538,1.4468109240939633,-53.170120411627366,-35.611385831421174,-87.44041663903252,0.16772431595210513
tsmom_14,True,,5,284.72849507442555,56.693669542066694,-92.43265874177801,1.2222240069532786,-76.46021599484205,-56.80179866021042,-96.2174720998584,0.3318091355478185
tsmom_14,True,0.5,1,192.85006941597982,43.06995605906903,-23.327143351464276,1.5290655011420078,16.72019877754738,9.386545139125513,-27.49484309840592,0.5050639239982618
tsmom_14,True,0.5,2,613.063999862381,92.47581636825284,-42.19847747041431,1.5290655011420078,-2.6759551476054133,-1.561652143401826,-60.61274756297891,0.2591620535548304
tsmom_14,True,0.5,3,1352.910079630146,144.0129707132269,-59.479911416817984,1.529065501142013,-16.370004702698626,-9.853725247048073,-76.92090325315424,0.3050762004137968
tsmom_14,True,0.5,5,2162.0557735680377,182.8141293266599,-84.56705565279512,1.4239098075827372,-77.78557263197685,-58.23029589916209,-96.74980112894194,0.31327167005671297
tsmom_14_ls,False,,1,227.4040213037685,48.489132407855394,-41.9138705162894,1.0093361268058447,-11.007927621742464,-6.543551783354317,-43.871390489402316,0.13086908886238188
tsmom_14_ls,False,,2,352.49407771527166,65.40081042558043,-75.2428478763649,1.0015018023458468,-65.00690788643472,-45.627506793172486,-81.2655810023421,0.003035416739719796
tsmom_14_ls,False,,3,126.94876119707446,31.41429377858691,-92.76919961651876,0.975306664207829,-90.87714708500076,-75.07826851782117,-95.87962463259187,0.018296380716188606
tsmom_14_ls,False,,5,-99.84315777852983,-88.38138587358877,-99.99664207768943,0.7761202778860617,-99.76240204635026,-96.99919473999184,-99.91816220237423,0.1160410267712446
tsmom_14_ls,False,0.5,1,194.850689066777,43.39501344401864,-29.643545220544954,1.14975691034182,18.77517756619973,10.50000136450353,-33.579238442052706,0.44789651409592396
tsmom_14_ls,False,0.5,2,479.46252448452043,79.61466172681688,-52.41149734747059,1.1497569103418177,-15.632515181495954,-9.393275043633887,-66.19011538615705,0.3156203066007951
tsmom_14_ls,False,0.5,3,663.0152100338811,96.86917972838837,-70.4849110296974,1.1497569103418193,-48.59207455741298,-32.030394172987876,-81.69518632200648,0.3420159040395757
tsmom_14_ls,False,0.5,5,48.09124531173941,13.983799203815117,-95.73453303778345,1.0294696345595984,-94.82089315581857,-82.05680052877403,-98.5220319491017,0.3488065115536031
tsmom_14_ls,True,,1,244.52952806420444,51.03426383017209,-50.2432503923329,1.0540624462080153,4.85993733064809,2.7920345861425444,-46.43488868978027,0.3113983319473691
tsmom_14_ls,True,,2,423.00136438110076,73.58050223412928,-80.78525324892006,1.0455833420135947,-50.78292017189759,-33.72662591150378,-82.37466801217069,0.1752752452693038
tsmom_14_ls,True,,3,265.11483863231473,53.984318219946914,-93.69458940346895,1.0467092274075869,-84.46160055386893,-66.0543406023154,-94.76272242204982,0.19173744389241792
tsmom_14_ls,True,,5,-98.97231269753102,-78.2586255017195,-99.97925295482415,0.8526884845514237,-99.37197813095334,-94.72533096436806,-99.78126729931007,0.2978994405379072
tsmom_14_ls,True,0.5,1,177.3873693558492,40.506223363153126,-36.31794925080057,1.1138734823960383,18.85903798024373,10.545267298362582,-36.643565630882,0.45075667488200033
tsmom_14_ls,True,0.5,2,424.80901401820444,73.7802543751294,-63.162044065822776,1.1138734823960383,-14.017235676305217,-8.390640943822747,-69.34882418167699,0.3136530254542465
tsmom_14_ls,True,0.5,3,582.4030337720991,89.67655345789308,-80.69408302348774,1.113873482396037,-45.719429597877884,-29.851592338743682,-83.73430968950355,0.34096796786710115
tsmom_14_ls,True,0.5,5,119.20105983281263,29.90151511967285,-96.3674820494177,1.0368019390074228,-93.89216484279802,-80.25454264723871,-98.15216430090855,0.3474994484797903
tsmom_30,False,,1,165.25391894348743,38.426934999466496,-31.66431649517015,1.0513401671984723,-5.667852008291163,-3.3291831901110847,-43.7828329966412,0.07462043462017678
tsmom_30,False,,2,359.19402102394395,66.21316074753001,-58.058841894350444,1.051340167198471,-39.78948630491899,-25.501607466660293,-75.38298611238244,-0.030972098524547294
tsmom_30,False,,3,340.5516019387374,63.932701161987524,-80.46675702379743,1.009876780662209,-74.3495906099077,-54.5947996880523,-90.83996592645815,-0.11832792326738191
tsmom_30,False,,5,-86.8725544920175,-49.17702603094797,-98.34562479607436,0.7784733058998934,-93.99803412903103,-80.45387694619636,-98.73136240484845,-0.0011643473477546003
tsmom_30,False,0.5,1,145.65747968022347,34.93045886732573,-21.42729953781889,1.2528563395958134,12.54619215921533,7.099281345715802,-39.167407364927,0.3798321941449155
tsmom_30,False,0.5,2,387.73142836271006,69.58739944482872,-39.12930782337539,1.2528563395958137,9.514359204076438,5.415509912139638,-64.85388091356666,0.37983219414491526
tsmom_30,False,0.5,3,683.0722984114644,98.57929001316354,-55.187021932817146,1.2528563395958126,-25.983571565046315,-16.02057083024996,-84.70274116927226,0.27461798204082527
tsmom_30,False,0.5,5,547.6761726687124,86.40288941684867,-85.22968010787957,1.150412889985633,-81.57076632164063,-62.52134198527677,-97.99333107168144,0.24526667134038138
tsmom_30,True,,1,245.84924551167623,51.2268632795861,-25.27413593053598,1.3943088687671816,25.657549445959994,14.171515135760625,-21.80780323172815,0.5841251373485308
tsmom_30,True,,2,749.9536462663443,104.07904522541962,-46.1607225758088,1.394308868767179,11.651478151124062,6.604391121351694,-51.20404038681892,0.43815990650727205
tsmom_30,True,,3,1251.3097658079853,138.18713748401441,-62.62690623423332,1.365107806983798,-30.725518331181544,-19.185948071227,-72.1764353161896,0.3353567135547974
tsmom_30,True,,5,113.86929967766255,28.839634002841773,-91.23616385065463,1.1405630677293628,-60.324169045900874,-41.51692373005952,-87.4688142355799,0.49234059865197854
tsmom_30,True,0.5,1,179.17670066948452,40.80769530040822,-16.821722486756162,1.526942463594553,38.900353784847354,21.006522778728897,-16.367134973276375,0.9003831277109862
tsmom_30,True,0.5,2,553.8079789935197,86.98929266511715,-31.5712652279441,1.526942463594552,74.21313675087949,38.00534655068175,-31.36839165529398,0.9003831277109858
tsmom_30,True,0.5,3,1186.050084100101,134.2893930979405,-44.34934018499376,1.5269424635945592,58.56270099350589,30.669398387643753,-56.153912440121466,0.7482125283257554
tsmom_30,True,0.5,5,1921.9241617990076,172.43001482155375,-70.03332348130628,1.43433304905195,-17.95436696388165,-10.848721000894857,-86.5229392452228,0.7051374862538088
tsmom_30_ls,False,,1,110.92483957687035,28.24563013975505,-48.381757619972085,0.743829178622078,-11.058936246322403,-6.574640016066413,-39.90534564173479,0.14568651424730814
tsmom_30_ls,False,,2,130.84919030864387,32.16286720574097,-76.63916137320466,0.7780531157183246,-59.802837556551715,-41.07222227173162,-77.81257186491996,0.07646411937292955
tsmom_30_ls,False,,3,8.399314778130673,2.724849179894817,-91.6512859928709,0.7731730171498445,-91.04968930986507,-75.35288147686413,-95.97792092016287,0.019125934504746603
tsmom_30_ls,False,,5,-99.84045581546141,-88.31504638182322,-99.98227000527088,0.556890754628016,-99.82016794182516,-97.44707911655026,-99.93663483953873,0.10701488373866469
tsmom_30_ls,False,0.5,1,86.70536416434378,23.13615789187915,-34.41785952315208,0.7701521485529305,14.80982511087625,8.34403761646756,-37.64226840792402,0.39890919961967536
tsmom_30_ls,False,0.5,2,177.43771363604756,40.51472321757841,-57.31506961328273,0.8325552295526607,-0.34329030479842704,-0.1993503614146963,-63.64066431338921,0.3989091996196738
tsmom_30_ls,False,0.5,3,184.9937084385954,41.7789505987263,-75.98514797627706,0.8480090895216162,-45.7399467448971,-29.86697980303108,-81.39940617061032,0.32621665848991765
tsmom_30_ls,False,0.5,5,-35.36722688652577,-13.53952907590884,-94.31595541379343,0.7912431111213756,-93.44886469323654,-79.43518166865245,-98.46126264159862,0.2927683348118285
tsmom_30_ls,True,,1,157.66736990184788,37.094429348567544,-49.147621396625,0.8659271461884785,15.919594352312494,8.950526734882725,-31.069197566142936,0.42885301231071826
tsmom_30_ls,True,,2,227.41935024154526,48.49144977416806,-77.76421013619847,0.8988461386120339,-31.723009325934427,-19.863252859430382,-65.64363811869406,0.35587184702101127
tsmom_30_ls,True,,3,80.42329297518688,21.73931909223017,-91.97943476966792,0.9057001359558458,-80.18966733614587,-60.91626875301412,-90.4905243705603,0.2967693869010176
tsmom_30_ls,True,,5,-99.64249122920342,-84.7092460381319,-99.97088285218197,0.722673177672077,-99.32473913790892,-94.49861069477714,-99.72246581540148,0.3903691065275252
tsmom_30_ls,True,0.5,1,106.24403284068381,27.28985664794461,-35.043979804153246,0.8519520861581266,39.21806008291537,21.167056097622815,-26.3392438550195,0.6790734434468519
tsmom_30_ls,True,0.5,2,231.9229024137154,49.16916995987115,-57.788087719132044,0.9129129301690436,47.78466664464398,25.439288165080455,-47.151248889202094,0.6790734434468503
tsmom_30_ls,True,0.5,3,261.9629141692957,53.53993721794159,-76.55469759786413,0.9278689479819282,-0.7220945249207578,-0.41965861512713865,-63.165225724557494,0.601715226421575
tsmom_30_ls,True,0.5,5,-4.386228625172384,-1.4839895214321608,-94.05900001562438,0.8874814042511696,-81.40112905137039,-62.32153799499448,-93.94105352264856,0.5660174606129091
tsmom_60,False,,1,90.85748414437491,24.042277498704845,-44.29853429473029,0.7508426472232406,20.648905025559117,11.508222393204637,-30.383067519435926,0.4838807706298896
tsmom_60,False,,2,132.674664946419,32.51031887291105,-73.58459983282529,0.7508426472232367,-2.8803732406569638,-1.681684213010115,-61.267627897838025,0.3640443106554319
tsmom_60,False,,3,40.27264294805979,11.94146679686141,-90.92672572420054,0.6898547717211896,-48.636982786050595,-32.06485553668658,-85.09270776423125,0.27513043406549
tsmom_60,False,,5,-99.26410982294058,-80.5491910288659,-99.8885075275506,0.42059300611797384,-82.68135915575046,-63.84901840600408,-97.37139653191238,0.4037857064175836
tsmom_60,False,0.5,1,91.02483522186179,24.0785218977277,-31.864145773103004,0.9119803362545026,28.381578634824933,15.601274666711863,-29.697941486228853,0.6405672817149478
tsmom_60,False,0.5,2,190.36548200580458,42.66419681915108,-58.00687132624206,0.9119803362545036,42.31539990219271,22.724128410135247,-52.39870199604739,0.640567281714953
tsmom_60,False,0.5,3,154.9168444297349,36.604868613971945,-83.03225933153841,0.8002397184891038,9.383517659104811,5.342407742530808,-75.13215337984909,0.5265262298539385
tsmom_60,False,0.5,5,29.372526279863244,8.96341006796446,-96.11292424826306,0.7866235117493223,-66.65841831129593,-47.13168258783854,-95.18962915464412,0.47780783544178573
tsmom_60,True,,1,167.36386153611434,38.79300168190103,-34.92016023032527,1.0866363347572716,15.330040206042028,8.6286402104093,-23.0110914675845,0.41601138616490374
tsmom_60,True,,2,382.8942163734933,69.02489233066127,-58.996767229280735,1.086636334757271,-8.484820805560156,-5.015006242602116,-54.75838046886844,0.2890435735424969
tsmom_60,True,,3,386.9719017272926,69.49932292084489,-77.68890707976932,1.0344415414367547,-50.81348838840025,-33.75051459288226,-81.81244663906043,0.19435072950169477
tsmom_60,True,,5,-90.10124259427788,-53.74128545107685,-98.88420963628538,0.7465884211923375,-81.01368136700466,-61.868037594237734,-95.75851184552718,0.3326801771912822
tsmom_60,True,0.5,1,130.32033916143791,32.06186630913812,-22.884717600250827,1.1877484334157862,25.843294375649517,14.269417621179436,-18.03076018459975,0.6449549013692768
tsmom_60,True,0.5,2,333.2407443831375,63.02082918272316,-43.95722072742759,1.1877484334157833,41.143525552250495,22.136701160597603,-35.462263718952414,0.6449549013692742
tsmom_60,True,0.5,3,383.1908202963024,69.0594914785874,-72.96852511476446,1.0578231582955575,13.249150024731993,7.486948776104274,-60.86321866479625,0.5135352107323359
tsmom_60,True,0.5,5,390.19681958356455,69.87266353479716,-89.21167334765249,1.0731679399170773,-56.57343324040374,-38.36966552162827,-89.31296148437436,0.476649929850152
tsmom_60_ls,False,,1,12.278963281433253,3.9360316934629047,-69.05068514295485,0.3351306825590129,48.090335876904724,25.589778907627636,-45.33042262394068,0.6930874757479176
tsmom_60_ls,False,,2,-46.392490055747345,-18.765244387184598,-92.78384478741415,0.3283006385821456,12.631528726572316,7.14639687271692,-75.19252922858962,0.6156668203203348
tsmom_60_ls,False,,3,-91.12312611332301,-55.39125382389384,-99.1762789277736,0.28616012793807283,-57.100324535521615,-38.80468934090887,-91.42213656663657,0.5529904684188486
tsmom_60_ls,False,,5,-99.99939508678789,-98.17793294054034,-99.99996691316659,0.04953474070701211,-97.69824558831046,-88.7920680948286,-99.6414028249069,0.6316912598026099
tsmom_60_ls,False,0.5,1,16.086631282276254,5.0979075534147045,-54.66049081117127,0.3164010405792284,50.186348151134474,26.618222166100814,-29.265869902563836,0.7913316935792365
tsmom_60_ls,False,0.5,2,-6.6545844758958195,-2.269302625848302,-82.09100172021057,0.31640104057922835,71.97146081174684,36.97208946471251,-52.12850403884058,0.7913316935792302
tsmom_60_ls,False,0.5,3,-61.35636828570914,-27.16178211100021,-95.41994115353602,0.24200704846123516,24.628172278606787,13.627845847074326,-72.55720409048368,0.7122781301705572
tsmom_60_ls,False,0.5,5,-97.83824311461596,-72.14291835977606,-99.85410827368922,0.19363437514719514,-73.2893639582213,-53.51500503038099,-95.93095349693237,0.6645200266558047
tsmom_60_ls,True,,1,49.03927325630666,14.22651005474207,-66.21676047910256,0.5155739018436452,37.91327551719248,20.50677759937738,-46.81325282908949,0.6144620462898405
tsmom_60_ls,True,,2,-10.622653837148732,-3.674230941908896,-91.66646144831428,0.5085487274817375,-4.430552651474217,-2.5954080760234643,-79.52017352993424,0.5398224068300337
tsmom_60_ls,True,,3,-81.33812372188942,-42.85409669991069,-98.86671743727844,0.477555506997472,-67.6682395878888,-48.06684641622103,-93.38588263221789,0.47898757597426167
tsmom_60_ls,True,,5,-99.99828877580896,-97.4230718856473,-99.99990873638752,0.25537965099433196,-98.7626812743463,-92.18203993043235,-99.69717278512785,0.5563453508762775
tsmom_60_ls,True,0.5,1,36.565853114222755,10.946610992501382,-52.706739809123206,0.46690959995555253,44.39954242673223,23.763857359762298,-29.265869902563836,0.7302098177704458
tsmom_60_ls,True,0.5,2,26.28110499761047,8.088492000824598,-80.68325948196676,0.4669095999555525,57.92675376226626,30.365028116351755,-52.12850403884064,0.7302098177704389
tsmom_60_ls,True,0.5,3,-41.20445807397062,-16.224930032436514,-94.93479584703127,0.3926427835078279,8.510024567424068,4.85343685401034,-73.85310643542338,0.6528953141439231
tsmom_60_ls,True,0.5,5,-95.68805009453772,-64.93359571123626,-99.77903558935466,0.3621922413820318,-79.12554795898487,-59.711412270035034,-95.37470868142644,0.616263533735657
tsmom_90,False,,1,46.84071393667906,13.662052907199552,-55.242779051567645,0.5311052921784772,-18.429775760627145,-11.14885194532944,-42.27165798971999,-0.15039239488689168
tsmom_90,False,,2,42.2225659277538,12.457779298224603,-82.15085053348207,0.5311052921784732,-69.89379871420918,-50.17225134382187,-84.24535601875438,-0.3348217506706146
tsmom_90,False,,3,-29.333754738108397,-10.928792726473013,-94.56540972483293,0.47043850955747435,-92.07018775720748,-77.02489587643923,-96.83419306982276,-0.3679601851457826
tsmom_90,False,,5,-99.7778249620129,-86.95136486165666,-99.9521845870121,0.18925159359689037,-99.79345291333797,-97.23342335932037,-99.94761781451757,-0.4662383459039773
tsmom_90,False,0.5,1,48.88979254765064,14.188309002337451,-43.248286991965834,0.6407153253708694,-5.598384856740102,-3.2878793646532345,-31.589789884024334,0.023634433298158366
tsmom_90,False,0.5,2,81.1482641336773,21.90215754057332,-69.93485986504425,0.6407153253708654,-40.279471544352695,-25.854013797475762,-65.36928608545554,-0.1357857850106532
tsmom_90,False,0.5,3,32.00912153147677,9.698657749827145,-89.11394224801214,0.5306678684495734,-69.8612359134033,-50.14098473800435,-85.69893263003837,-0.14642184776528522
tsmom_90,False,0.5,5,-57.09532764189513,-24.577394715273513,-97.92843206461434,0.48866078710234084,-100.0,-100.0,-100.0,-0.3368754760708496
tsmom_90,True,,1,87.97127985213,23.413830705722184,-37.33852108243997,0.7758999417103924,-12.789269219417443,-7.633699399361338,-38.73130147772015,-0.07152074297013204
tsmom_90,True,,2,143.52770201914797,34.539390814483426,-63.44657058256027,0.7758999417103901,-64.53968724746346,-45.207409166739765,-81.70618636323546,-0.2763790875288056
tsmom_90,True,,3,79.6809293767489,21.57212140080029,-80.82447478386882,0.7254097692736614,-89.41030162696086,-72.82600853102892,-95.80895525542604,-0.309860133106374
tsmom_90,True,,5,-98.3203910381324,-74.39040397859205,-99.63852286513608,0.44351818343808336,-99.6069528607147,-95.98126381976785,-99.9003197358718,-0.4108892706863697
tsmom_90,True,0.5,1,64.30076104976901,17.99941612508398,-29.804069883919702,0.797232597203953,-0.33381801640456343,-0.1938458941571075,-27.623212496671368,0.12485538351343867
tsmom_90,True,0.5,2,125.42104076864203,31.118754999338627,-51.89090818748253,0.7972325972039521,-32.11723848581667,-20.13208157839317,-61.597727906906066,-0.05499301896429185
tsmom_90,True,0.5,3,89.29962285299882,23.70385948659177,-77.44947557053503,0.6739743732495169,-62.344424984062854,-43.26388420100212,-83.06214520827776,-0.06694033789531256
tsmom_90,True,0.5,5,0.29633146371934593,0.09867974562072224,-91.32948184538154,0.6623005833303135,-100.0,-100.0,-100.0,-0.5443900269209543
tsmom_90_ls,False,,1,-37.80863340275764,-14.64216981168004,-74.84603373618135,-0.036206119033361545,-33.906158095503116,-21.360288028781007,-56.13096729115319,-0.14180225056263385
tsmom_90_ls,False,,2,-80.76192302815713,-42.271905914644805,-94.81734647343205,-0.0029308593838022288,-86.05317091236412,-68.11760386458032,-92.51683506330296,-0.2728877071546609
tsmom_90_ls,False,,3,-97.69599064429059,-71.5448150487842,-99.55200827598797,-0.016310781271838323,-98.57774738649259,-91.52386335202482,-99.41481106018605,-0.2902792296090139
tsmom_90_ls,False,,5,-99.99995372537963,-99.22652261279936,-99.9999913976522,-0.2702496233132501,-99.99852343762132,-99.84268010957109,-99.99960768205707,-0.3418422294539597
tsmom_90_ls,False,0.5,1,-31.473958997490104,-11.837232631552052,-65.24241923711867,-0.18726850274947432,-22.22334244300288,-13.570630615695345,-40.2458878784105,-0.10936620993580283
tsmom_90_ls,False,0.5,2,-61.45671856345463,-27.224885837769264,-88.37075740443576,-0.13089025911597899,-67.01789812283091,-47.46320476304392,-79.07597102485546,-0.21116697997651715
tsmom_90_ls,False,0.5,3,-88.10195498241497,-50.815846344149776,-97.49515688942535,-0.17954981715037036,-91.3768584459274,-75.87977137984998,-95.5505331658439,-0.2254808832898595
tsmom_90_ls,False,0.5,5,-99.67526599675006,-85.1915618600548,-99.95269140348407,-0.24513819537348608,-100.0,-100.0,-100.0,-0.9076919275149785
tsmom_90_ls,True,,1,-24.53302161139186,-8.955792365185467,-73.18649074770262,0.10254080968923084,-30.688749910512513,-19.16106050504114,-56.347599882027346,-0.08781156971721611
tsmom_90_ls,True,,2,-73.48475957355407,-35.756106056355286,-94.3239466181639,0.13598166272184434,-84.77716737576284,-66.45610964008681,-92.07152533838536,-0.22099938767724245
tsmom_90_ls,True,,3,-96.43557516140824,-67.08985312933757,-99.50654089255154,0.13336195284113764,-98.39653080080049,-90.91297954535361,-99.34024910076288,-0.2373044798173015
tsmom_90_ls,True,,5,-99.99992450849972,-99.08945932271483,-99.99999240319146,-0.09462020061828894,-99.99824022123954,-99.82581727469095,-99.9995324323623,-0.28570788609152353
tsmom_90_ls,True,0.5,1,-26.422031752282805,-9.721861175535595,-64.13051864646107,-0.09856544945991198,-18.653240339956422,-11.290181253697062,-38.389941117980165,-0.050208979258489675
tsmom_90_ls,True,0.5,2,-56.986614270732474,-24.513745625199977,-87.14482776470777,-0.042229550242941415,-63.89464623561405,-44.63122417406512,-77.09456264681518,-0.15436840514808492
tsmom_90_ls,True,0.5,3,-86.63724402696637,-48.87515403720164,-97.03220168278156,-0.0891932901338857,-90.10446084590569,-73.87433137034812,-94.89398695404216,-0.1690253664452506
tsmom_90_ls,True,0.5,5,-99.63014146885286,-84.53516774868488,-99.95973336414932,-0.1307077881271133,-100.0,-100.0,-100.0,-1.0841098919073486
buy_and_hold,False,,1,86.02603582818091,22.986632567656695,-69.38870318009545,0.6452773290331665,-32.876408462192565,-20.65161991177821,-66.37591673790251,-0.04308430835416511
buy_and_hold,False,,2,-5.156409527271655,-1.7492225636809078,-94.95951049867986,0.6427981225940909,-87.45762261030765,-70.02202411339323,-96.05390758975064,-0.16543052525161556
buy_and_hold,False,,3,-92.20148465044268,-57.2761242117017,-99.69751535617667,0.5913595750252039,-99.00192978738318,-93.0985418695091,-99.8022208283592,-0.17972040283597016
buy_and_hold,False,,5,-99.99999959239821,-99.84026060791477,-99.99999995258808,0.27203868451454505,-99.99977745123367,-99.9475326630081,-99.99997811983347,-0.2599460278614051
buy_and_hold,False,0.5,1,138.23469082833282,33.557516273016994,-47.66856070994384,0.8639371875251829,-11.387720171291104,-6.775203851611988,-60.72560231660597,0.10665222833403035
buy_and_hold,False,0.5,2,205.4830953276059,45.09832337644002,-77.51362444103881,0.8639371875251832,-60.502794883790386,-41.669856896551536,-90.2547517570194,0.00817484411721968
buy_and_hold,False,0.5,3,30.518342657255015,9.28415119456536,-96.03443129592749,0.7806146099918447,-89.55347973218859,-73.03981808695168,-98.20486682456439,0.0010132127752633727
buy_and_hold,False,0.5,5,-98.68511281231336,-76.3972377808989,-99.97246101182617,0.678644397637125,-100.0,-100.0,-100.0,0.276557808572494
buy_and_hold,True,,1,207.83808359250395,45.47022667840817,-41.560580681322236,1.0734112164461869,18.379502864467412,10.286244001216915,-33.64454449638837,0.44552217334796856
buy_and_hold,True,,2,433.45883234905534,74.7297960585464,-68.91154733386055,1.0734112164461844,-39.68541035147158,-25.42690933339128,-74.48622352610215,0.21307259151741081
buy_and_hold,True,,3,325.61232009693555,62.05834408386855,-85.65709188521863,1.0310506674874176,-79.0615226851803,-59.639751511868866,-93.48061518958708,0.20173279875244465
buy_and_hold,True,,5,-98.51374185461484,-75.41342225709774,-99.84765115031446,0.7719133212889632,-99.1528350968817,-93.72478711552668,-99.83911670365106,0.13478869787622258
buy_and_hold,True,0.5,1,159.4391899776898,37.40794984637643,-29.6669100178002,1.1064238898466239,28.311533504407514,15.56467055986892,-26.58389514291395,0.615230537112171
buy_and_hold,True,0.5,2,381.1947109008014,68.82636963526289,-54.66820587524139,1.1064238898466208,6.924840449573799,3.9618300198097867,-60.8421098139778,0.42692970673690606
buy_and_hold,True,0.5,3,339.6505556830851,63.820862758091465,-82.60998469585414,1.0072907301582446,-30.823591054028487,-19.25235801986551,-81.91415290865821,0.41339119965319293
buy_and_hold,True,0.5,5,10.042631439626515,3.241345455779543,-97.78247508612499,0.946298199034988,-100.0,-100.0,-100.0,0.02812473262122447
