lookback,btc_sma,vol_target,score,2022_pct,2022_dd,2022_sharpe,2023_pct,2023_dd,2023_sharpe,2024_pct,2024_dd,2024_sharpe,2025_pct,2025_dd,2025_sharpe,2026_pct,2026_dd,2026_sharpe
30,200,0.3,0.7723459585942591,0.0,0.0,0.0,32.12514847512624,-8.934598054434185,1.7302933826686757,39.22125856093659,-11.057812252900789,2.0171785278721703,4.576908055325846,-8.507541336864676,0.35945495797350135,15.198677416039574,-4.131160408624179,1.8528284300404059
30,200,0.5,0.7302468007634759,0.0,0.0,0.0,47.607417892412315,-13.850364233226987,1.6267414869952228,62.486362888963654,-17.368315670731437,1.915129050089409,5.1357490448995735,-13.454655966957851,0.32542115170348673,23.19827898936073,-6.712573934382471,1.7919033362346724
30,200,0.8,0.6881746223101961,0.0,0.0,0.0,67.34587658832774,-16.761011861353538,1.7570399833051356,82.56837048153515,-22.067409068759623,1.8380321696142408,1.1196923986540375,-19.305683042885025,0.20335714855404677,27.118693445897012,-9.121080385783642,1.6825628896813374
20,200,0.3,0.6860630924132955,0.0,0.0,0.0,19.351447662553745,-14.459966642696953,1.1938088299912748,32.00858877035759,-16.598851592408124,1.7578459619351297,5.9340975605783,-9.252752336067683,0.46791168274425743,14.59638234555003,-4.140225910456263,1.773518327238997
20,200,0.5,0.6567006218008298,0.0,0.0,0.0,29.14815961816364,-21.191195475895586,1.1699567257007144,47.7955751300789,-26.364055751184324,1.6180658705234265,7.863746533327443,-14.054409246694366,0.4460095343513328,22.06378751783431,-6.706492906923234,1.7226676616073129
20,200,0.8,0.6511263788061272,0.0,0.0,0.0,45.06382625244634,-23.579423990027827,1.3759677922312468,61.541729281324024,-33.584592803308055,1.5490971923621488,7.477988138342062,-18.940081935203867,0.38521610774124004,24.298732306666437,-9.062593825504095,1.59214882835256
60,200,0.3,0.6351342012156722,0.0,0.0,0.0,22.990070010219753,-12.672691688096293,1.172382673163415,32.598643087827895,-16.012809025287,1.6250600139090405,4.1972942390409385,-10.081367030672316,0.320705007579555,14.888680821289825,-4.131160408624169,1.8792380538389657
60,200,0.5,0.6008788100732845,0.0,0.0,0.0,33.11419903046453,-19.613771225502795,1.1265275136990966,50.06797546022048,-24.838103545428392,1.5272787672845942,4.148816907808173,-15.53358438718747,0.28554851333998676,22.855794667950335,-6.7125739343824815,1.821288859383885
60,200,0.8,0.569854743297894,0.0,0.0,0.0,47.32981830050142,-24.078740053644022,1.2662232163273504,59.795406289486166,-32.25681759356582,1.3808216499512054,0.13287868536757674,-20.74387436461499,0.1929048480943101,27.581633930759274,-9.121080385783586,1.7252127093306278
14,200,0.3,0.5360039532774166,0.0,0.0,0.0,35.51700190428213,-13.263347216531308,1.6171091228548204,39.451616747979365,-12.34721360471317,2.196636711953615,-1.632365481347553,-13.222909892146738,-0.031119256427471955,12.086379203733678,-3.763543936167668,1.5980369824984966
45,200,0.3,0.4848641679886225,0.0,0.0,0.0,18.41114511215769,-16.240412848516563,1.1332218422193077,22.135568808266836,-18.11597798629053,1.2325721569551835,-0.2537706615227675,-12.512409362450382,0.062167387509175824,15.464896713053777,-4.131160408624179,1.8565712775187686
45,200,0.5,0.4306907967656365,0.0,0.0,0.0,26.05803898229326,-24.20462622127777,1.0484621991957066,33.08332174479784,-27.333232326635958,1.1627124572520309,-0.9221645322824101,-18.787155012795132,0.08451595999911773,23.820617683804258,-6.71257393438246,1.7993033070599627
14,200,0.5,0.42378077648419954,0.0,0.0,0.0,52.493479084686335,-19.224251535027605,1.5749812359712405,60.440950212343395,-19.98405427523059,2.0243155188269086,-3.3392985131752817,-20.025970173870956,-0.02205706630914599,17.732848397592328,-6.080647048671595,1.5270920346872972
14,200,0.8,0.2154972288978877,0.0,0.0,0.0,70.84323490080753,-22.622688620606056,1.6987986040293535,80.66514605804495,-25.361629450187362,1.9616053811785643,-6.922764149911631,-26.434249298535917,-0.06050029369980254,18.323232862535257,-8.25247080675342,1.3463311328694538
45,200,0.8,0.18768742878233552,0.0,0.0,0.0,40.167859264240334,-27.82680834227069,1.2272396020182905,38.78553561726916,-34.66509705045766,1.0568910978738049,-5.388552900625121,-24.51225876259633,0.0046797938393946205,28.440138894550305,-9.121080385783598,1.711108924402067
30,100,0.3,0.14916303096977102,-5.259986032922637,-9.90792469024344,-0.8603013154588132,34.49765191487919,-9.193243187573486,1.8319358755399402,39.769688661027345,-10.716757581492509,1.9904023727008415,5.0680365081889445,-8.455976780512742,0.39695191416488873,13.000769705079085,-6.522042151630081,1.3478632087649172
20,150,0.3,0.13977591672405454,-2.517353454294835,-3.5120581444151533,-0.9730420005069068,15.988900937322459,-17.992120381578257,0.9907287663416274,39.247764335868766,-12.025243455909395,2.0696394254891497,6.130440650380042,-9.48133006152878,0.4821181631792395,11.535411812549935,-6.295678439133545,1.29117848682132
30,150,0.3,0.13672544607002146,-2.753546346902913,-3.745840944700385,-1.179771904542081,28.46237294127767,-12.171937255062094,1.5442635306311714,42.57506675164262,-9.13370698714745,2.1184570995408314,4.4828262751679615,-9.25323746470884,0.3547820422560025,13.577007088500427,-6.600149918633269,1.4542500183744618
14,150,0.3,0.11149545831791152,-2.441313819573443,-3.436794411702704,-0.9444007547867033,29.87500984328961,-13.263347216531308,1.376429102088525,47.43456231993242,-7.329506106289719,2.5291241666180215,-1.1632570126134611,-13.613776002246903,-0.0025164372741014185,10.033370969262844,-5.604832693405237,1.20198123405818
60,150,0.3,0.09583112664518034,-2.5796258130204253,-3.5736950812530144,-0.9990574553706993,24.918483547460447,-12.870458401531248,1.2486445839786728,37.532433486300796,-13.713087728554353,1.8303820669327084,1.5484537250679553,-10.892831970622762,0.17533290793790826,12.841541661995848,-5.962108851917547,1.436975606838962
90,200,0.3,0.09327594018399332,0.0,0.0,0.0,8.183282585064887,-19.169505254048325,0.5677794659941738,38.71841102009168,-14.361621506458155,1.7751859229742946,-5.3897001478316,-19.23131833673767,-0.18664554195760125,11.01264116209586,-3.9735830121792937,1.7615079806827796
20,150,0.5,0.05269210649693673,-4.102211414465851,-5.724709745520151,-0.977943604049476,24.595347975353743,-24.85651835289817,1.0069145749280237,61.51808109416746,-19.52711436619149,1.9476731097001918,8.194793085665154,-14.456035606905605,0.4606860838903273,17.832547480930415,-8.307222423754347,1.3273737321167371
20,150,0.8,0.052381271347768654,-5.085041712041949,-7.633344464624015,-0.8855419551791072,40.17210173171715,-26.773538876170722,1.2467067285201963,82.51690331727329,-24.960971335241354,1.8996101364050404,7.964985231843613,-19.90027409226669,0.40027468990989373,19.98797336467819,-9.062593825504084,1.28031599831526
14,100,0.3,0.04166738648798332,-4.714325986176437,-9.695183156005516,-0.7600966756842599,37.21711566773402,-14.84230706241293,1.6740156056959608,41.089655446018945,-11.317618828727383,2.2360902288900166,0.7580500138438806,-13.78456011098862,0.12534036807872317,6.564751047161166,-6.085006444962204,0.7843155461047959
14,150,0.5,0.036240801084004515,-3.9773896126086283,-5.60199980847419,-0.948551144739477,44.94563997085932,-19.224251535027626,1.382428992837231,75.7095042112462,-12.369241557810573,2.37130360861527,-2.400715673992504,-20.50405008440215,0.014449621123993978,15.515573384603766,-7.4892474606452435,1.2456661280126087
10,200,0.3,0.035431898306840015,0.0,0.0,0.0,16.626081184617725,-17.605967789116505,0.9784607579683018,33.358288453721705,-15.20648787492538,1.944689429831631,-6.392195491191344,-14.896402467938996,-0.3634911199434639,10.014773300952173,-5.46596375138424,1.3465061537489578
30,150,0.5,0.02538515162235186,-4.4834416545493365,-6.099489936677516,-1.187803150989535,41.946998621628055,-17.958838018752644,1.4631389328146518,68.35022958007872,-14.911028995275178,2.0131504459002008,5.08902800406299,-14.403295152369179,0.32405207182898976,21.327130316518872,-8.689332932739081,1.5035303856555975
14,150,0.8,0.014868144890970214,-4.942482449338915,-7.494612671985812,-0.8609817147158774,62.61950713067201,-22.6226886206061,1.5385863049489172,104.48957562296278,-15.519019290987512,2.3331017426516483,-4.955454627466138,-26.66339665721541,-0.002559654380945449,16.110737266222962,-8.252470806753431,1.135036018909273
10,100,0.3,0.011479115508441023,-4.834822264759964,-9.626861102826478,-0.798174051760761,20.34031223569692,-17.56380542898066,1.157562950680938,39.495398275849844,-14.18438930387268,2.223485094671801,1.7442575791358328,-9.922710468418682,0.19238884805612716,8.719199999060923,-5.465963751384262,1.0200573411391267
60,150,0.5,-0.008257141489753955,-4.2042416991158955,-5.825013775905063,-1.0045495834669977,35.9460779690056,-19.918045639510606,1.1952803240579564,58.64432460951934,-21.864657724780546,1.7218221701650984,-0.10852053908836368,-16.788961461551153,0.13295387212678755,20.458920932218305,-7.700835162471298,1.5048840620892565
30,150,0.8,-0.008456240165678475,-5.6202109617081835,-8.154145343944618,-1.0823300478812135,60.86133213634217,-21.09030227747245,1.622526033531982,90.96852673546655,-19.612014396166867,1.9403934286897981,1.4867185512263514,-20.34763098314706,0.21315807897078037,25.20498823999382,-9.121080385783664,1.4799032788142128
10,150,0.3,-0.022098859094354273,-2.517353454294835,-3.5120581444151533,-0.9730420005069068,14.778097820974988,-20.56576351132241,0.8720409133684567,38.58662924870124,-13.826914085664422,2.1951282405591037,-1.6076694814421422,-12.18409380581561,-0.03687934255980761,9.492683454219431,-5.465963751384284,1.1531710176825953
45,150,0.3,-0.03853253533083717,-2.3767132058292506,-3.304422319436784,-0.9465388182731765,15.604321300915958,-19.30581661989662,0.9715512859001368,31.511032110852554,-11.830334492356132,1.6295612718635346,-1.1263481178137136,-12.48079353007505,0.0056079497780640395,9.127142633531161,-8.583027234531427,0.999543599241341
60,150,0.8,-0.041946209662882705,-5.215723908401637,-7.7605180696435845,-0.9107164097242406,51.105594515615294,-24.380179494710852,1.3338847162269165,72.57882262577316,-28.69533569159566,1.5804738283693853,-5.057478267590021,-22.595461196050493,0.04798106538350326,25.099071752652048,-9.121080385783586,1.5020844570480671
30,100,0.5,-0.0441666773011562,-8.528791747107645,-15.942980336434399,-0.8363467271028066,50.82660361979223,-14.157816634155662,1.7085418411749318,63.07960987550623,-17.322047355026214,1.886255736108457,5.7235315675170595,-13.15367604594334,0.3512642893465464,19.181951728630086,-8.644977529886166,1.333979096912226
14,0,0.3,-0.07167085889874725,-7.247668568212462,-11.332234395403141,-0.45666765202995696,43.22902638814379,-13.263347216531418,1.8182782523150463,41.44152738448123,-11.096448529093905,2.171102063022981,-4.0864618496568745,-16.024289047149832,-0.18379396558336888,9.054440831348142,-16.4512966540314,0.7193725459346783
10,50,0.3,-0.09574748497826507,-8.346531982676918,-12.254583811714204,-0.7798374210991771,38.822878367770784,-10.06142505770672,2.0270373137194624,47.24434626546048,-10.631447822288065,2.5831789041808424,1.2298165247916826,-9.908439886324283,0.15762360108426837,7.62685035753945,-10.750284231856721,0.6851139943356542
10,150,0.5,-0.10509861162066825,-4.102211414465851,-5.724709745520151,-0.977943604049476,23.356698052354872,-26.789182970855308,0.9357720609030704,60.9192913447032,-22.13530352470935,2.0684553424568883,-3.8658266444828393,-18.795858622245433,-0.056285794065081614,14.069419207110956,-8.71401613832733,1.149388562829166
30,100,0.8,-0.10594550785350182,-10.183955363780395,-21.18068865075422,-0.6974420330008938,71.59093245345605,-17.087406065067324,1.8329056174808651,83.34029164229318,-22.874089681368524,1.8191537954516739,1.70151790466595,-17.642281103153135,0.21608818775989688,22.630286127782462,-9.121080385783632,1.3241074074897885
45,150,0.5,-0.10645506683741007,-3.8693617497904564,-5.3846454943433315,-0.9517130346848482,22.15968090749991,-27.810958518577934,0.916602013606262,48.91919206182638,-18.686457553161993,1.541963077701832,-2.361799505589568,-18.737575120777418,0.02381789615602335,15.663873741665824,-10.866917742205295,1.1395330457083377
20,100,0.3,-0.1098828847242393,-6.818760588116957,-10.888326434645467,-1.08378996231371,23.02308899902945,-14.506109749998963,1.3771446725960943,33.58251053957733,-15.604470209504374,1.7884669977771464,8.474543745263464,-8.996112209301167,0.6513815815877683,7.996007402356975,-6.968814426374747,0.8867071839129149
14,100,0.5,-0.11053272943068249,-7.734757335685294,-15.587666107041898,-0.7436498351921534,54.72142510842972,-21.41949872144665,1.61968762428602,63.327150252603246,-18.544633569565296,2.0658349349208254,0.6868462284591148,-20.914363557937886,0.14565457059748194,9.931746017572474,-8.242481809230329,0.8142931799388696
10,100,0.5,-0.15347365137634755,-7.921573176929275,-15.476569667815355,-0.7816755453033999,31.097777963058505,-23.169692614505955,1.181290225266472,62.111479129352844,-22.852722384002313,2.084788662551913,1.7517517686313155,-15.146472816621015,0.19003803521851173,11.842355464149868,-8.714016138327352,0.9535690290287694
60,100,0.3,-0.1703096564433796,-6.355172877683879,-9.88715215427407,-1.10546957194149,25.53634220432737,-13.106445850345672,1.275130494259558,35.974344104147704,-14.867005606015038,1.7686177148390765,1.9550597665164648,-10.17602218087269,0.19892538010259375,10.55369887542903,-7.681143218496689,1.1419625537903706
90,200,0.5,-0.19230194780761511,0.0,0.0,0.0,12.834753388553,-26.9717826039933,0.6110848712200291,60.84675765736674,-22.54358821337952,1.676608653084197,-10.82728477544478,-28.90003870302581,-0.2256813852575104,17.256216796880363,-6.450390366352665,1.7309126505612675
45,150,0.8,-0.2298691070451762,-4.81447775152054,-7.217890312292163,-0.8612340141111204,35.81342157100826,-31.56327384887715,1.1207421534914963,60.59956015584049,-25.004456037081134,1.4292359912988832,-7.13697840043932,-24.41520096897407,-0.05234474169122083,19.98408122779649,-10.866917742205306,1.1986385458581985
14,100,0.8,-0.23101143315537354,-10.379630838824127,-21.70331989041371,-0.684372806012923,74.4793793723501,-24.749284695986173,1.7530557682103394,84.54552995565665,-23.75852261112712,2.007150705085326,-0.6595584601136517,-27.346476425634048,0.13385361546767727,9.975358193815431,-8.25247080675342,0.7342441431280777
60,50,0.3,-0.2361938897229594,-9.417104517187713,-12.312084095937315,-1.0553652422376183,43.72803773241112,-7.3786898861529115,2.1270242412845657,35.06872350571963,-15.220078300054318,1.7673494735815392,-3.558999161828591,-10.375607005766351,-0.15939359458803923,18.623389832102745,-6.458422080032211,1.5898381917464421
10,200,0.5,-0.24527600227654284,0.0,0.0,0.0,25.352343807015387,-23.3812470998078,1.0084107588017845,51.41855599651994,-24.179398787618556,1.8148158458473795,-11.542962783724276,-22.960201569550332,-0.40086535679929436,14.711373756704816,-8.714016138327295,1.2932275852004687
10,100,0.8,-0.2579942488286694,-10.361825603904684,-21.35682628439647,-0.7014232609794095,48.02566462431548,-24.51450851687276,1.3990141513409373,80.77525614844208,-30.887904395678277,1.9910264350971512,-0.37836036560016106,-20.97478045104473,0.14019266649017223,11.429309854400582,-11.605442016826073,0.8286693581146336
14,50,0.3,-0.298489574174545,-10.781131880486662,-13.323610628085413,-0.8813120675148451,50.07750612486588,-8.918100297941178,2.1150409830667862,43.590145303338225,-10.943464972150874,2.3302048089064487,0.615476537293258,-14.866593954517604,0.11490701579709667,6.409230909222319,-15.312101030137926,0.5672424030227013
10,150,0.8,-0.3267623435129532,-5.085041712041949,-7.633344464624015,-0.8855419551791072,38.697855178682495,-28.331637454113846,1.184571291765873,80.03964135620471,-29.625640961711454,1.9926933516468046,-9.009170738032724,-24.496547426729578,-0.14626145080915282,14.226574311244145,-11.605442016826117,1.0279655638828034
20,100,0.5,-0.33184521273186424,-11.054359557979609,-17.39600410676888,-1.064540529120191,34.69576414486399,-21.19113440354614,1.336682942378279,50.80864184443019,-24.86286051986124,1.6588712738116687,11.826675318490064,-14.027201717981807,0.6208671751508624,12.230513370547902,-9.19118147252982,0.9226363444814437
30,50,0.3,-0.37269977072631677,-10.172854974775236,-10.903029489362549,-1.0874863173690914,36.89482780082558,-8.541975506954735,1.9027454656007181,40.44056339562459,-11.591987458304375,2.0063706935164802,4.346915055772693,-8.455976780512742,0.355744034349597,3.7008017913586766,-17.899822115747956,0.36933498750803656
45,50,0.3,-0.38366418173151573,-8.949683632501682,-10.570430591177027,-0.9257487103486643,28.576901775205044,-13.05880061663668,1.643799832850586,29.58753053265557,-14.233069411266774,1.5523287611815482,-4.438356129389131,-11.383436777023215,-0.2551439447001692,9.260832298931799,-12.56198242487937,0.829615854836179
60,100,0.5,-0.3851754928504909,-10.335651746969132,-15.975898365267327,-1.0877417452371276,36.90998988115499,-20.017807761043937,1.2206368972366715,54.94071535560367,-23.950132883921317,1.641213730461528,0.5157496699082831,-15.641323034835752,0.15168734099879336,16.458603756029298,-9.761475109738281,1.2013338852868998
14,0,0.5,-0.3957704517652183,-12.845385842611446,-18.320377903193386,-0.48151433854953557,66.62192666466325,-19.224251535027616,1.8150179391349857,63.651725772108335,-18.382759577184117,1.9978437719514117,-7.560901893725891,-24.30033818661055,-0.1912378717292773,10.155421819214826,-23.010595542290847,0.6199400837211265
20,50,0.3,-0.4170351369550356,-11.815397175459418,-13.191433642031193,-1.1519357373305483,38.59913873425778,-9.95513194011426,2.0540476202007865,32.56190365375509,-16.203972058647032,1.729895465446207,7.180582995127427,-9.696897790779957,0.5892739371909212,5.1950512973234275,-18.08865219961039,0.47157280376882754
20,100,0.8,-0.43624542928182625,-13.888387584623308,-23.104964293033326,-0.9549705019391632,52.34388205034186,-23.576509002712775,1.5303362653793475,65.70591610185521,-31.872551186822427,1.5953065207610324,12.22353235039051,-19.649471444323442,0.5326939428530585,13.7339930768412,-9.338259367797486,0.9052978364410791
10,50,0.5,-0.44266652948173557,-14.364716171842318,-19.87317969700816,-0.8219486259726969,60.155851810532354,-13.783390186078016,1.9756376625345846,77.12347766963615,-17.53832132832184,2.4554051074969028,1.07626936115921,-15.200882162879747,0.15807483652291915,8.971611597954677,-15.476234128638621,0.6055298713499956
60,100,0.8,-0.4927037249023763,-12.98855426460367,-21.662348638961294,-0.9591925848225005,52.421891493860784,-24.32171735128351,1.359345622899684,65.8281946027013,-31.868849826585244,1.478400200923744,-4.843062780685536,-21.021049184088568,0.04287769601721269,20.398535621007753,-9.76147510973827,1.2287447539868637
60,50,0.5,-0.5337820327107136,-14.849660681154697,-19.616454462969955,-1.0347554670713324,65.90881176819829,-11.769128665918949,2.01024548525524,53.53921119146605,-24.396587610604172,1.643575742394793,-7.740195919495985,-16.42146393608821,-0.21854742884778408,28.654489700867238,-8.434512107695525,1.6718325034196444
45,100,0.3,-0.5913885060874824,-9.036557628161335,-11.008770014755632,-1.6215133548383371,20.99887283438946,-16.1585698173868,1.264998756095003,33.13374136113217,-11.038811389708725,1.700795615185651,-0.5776300862869843,-12.034539303631842,0.038164843114200084,7.9488653135586285,-9.585087785730384,0.844934660157775
30,0,0.3,-0.662096127808429,-13.24171528863899,-13.307572022413527,-1.183314574726703,36.12988579899796,-9.954719469283557,1.8504859435596728,37.87383952643888,-13.826604021432388,1.8634918686441577,3.975305394870854,-8.810225186626507,0.3220978476608702,-0.6286636816022928,-22.722121555012052,0.0459895575606844
45,50,0.5,-0.6622794542205144,-14.161309669929324,-17.053650639960217,-0.9062789500946534,42.022836458576876,-19.26337892067983,1.5319192212292057,43.81937374928337,-23.18388023504059,1.4235018756743638,-7.857977591403453,-17.57548863153261,-0.2687304416198748,13.229908380257616,-17.2112279870129,0.8473979270586369
10,0,0.3,-0.6698112090112995,-11.671419386603288,-16.48834925562347,-0.8789381564180004,24.016471090848725,-19.478620192410844,1.2568264662045665,41.7334160492111,-14.533960149006674,2.201445764802195,-8.590789365186325,-16.161822990194597,-0.4884622223537034,2.8129723862406975,-16.66195020272876,0.30258087534810796
14,50,0.5,-0.6788010038437967,-17.685738228335346,-21.355262242127015,-0.8973795919083717,76.64456793038765,-13.98839524441563,2.060718514766951,68.2312321775363,-18.02424163748618,2.1678972894166786,0.7215764739184172,-22.34443739519222,0.1448212756562368,6.82441258689086,-20.932136882493758,0.48215425628669056
30,50,0.5,-0.7149045274784755,-16.020859928235254,-17.09702345167573,-1.0642179101809113,54.727139182978576,-12.886527345077015,1.7874226355582996,63.858207871738884,-18.793591177479595,1.8927787162892016,4.855034845002382,-13.15367604594334,0.3184381455855991,2.2620230127356367,-25.751854795730868,0.2460279047651414
10,200,0.8,-0.7170554802506444,0.0,0.0,0.0,40.488664383228645,-24.765493695773987,1.2364527517780983,66.11364525850148,-32.52602653272173,1.726029635198485,-20.141912887712866,-30.47149643318887,-0.5359387747654796,14.859290237856527,-11.60544201682605,1.127228177232956
90,200,0.8,-0.74512009175709,0.0,0.0,0.0,23.500990787658683,-30.79659062863613,0.8301229541263736,75.04679647042477,-30.061122321879484,1.5426243775166568,-21.33872781932322,-38.90968075963222,-0.3830254869368263,20.9811580352935,-8.70473139429736,1.6426596259243926
20,50,0.5,-0.817158128626241,-18.749212760081903,-20.754502559465003,-1.1388542572547737,59.62898862960546,-15.563806285483173,1.976683155609478,48.79434883675926,-25.84406558781105,1.5966793206746375,9.923042618328681,-14.907808583030535,0.5627195810491679,3.9865241748179514,-25.69711566403422,0.3342717538257706
60,50,0.8,-0.8198276128343386,-19.75117543708912,-26.49789537640067,-1.0024366437366212,89.41872162522584,-14.36704418468091,2.0947145504168847,66.2211588066597,-32.083148013355846,1.5155818463747186,-15.624674733438704,-22.445912000405354,-0.36453209288838084,33.61996955550768,-9.121080385783642,1.6654744156016381
90,150,0.3,-0.8435743775252228,-1.809489392263619,-1.809489392263619,-1.9728804071726855,7.033094483911628,-20.424871160432325,0.5005075576681194,41.47373628045345,-12.66061018586636,1.8858806653100928,-7.05945111119517,-18.621731593725876,-0.2873463285877229,4.161094887082495,-8.257581100879008,0.5882015049844956
90,50,0.3,-0.8490824897799121,-8.78083691567928,-9.588386195737385,-1.6556795447492576,23.80764346330928,-8.710683686773757,1.5551350307867606,36.79581027901304,-13.827292014719328,1.7830194176373162,-10.590794299742035,-17.78856294406086,-0.5873997542822087,3.9642281829747272,-8.427110306734653,0.5568719089878916
45,100,0.5,-0.8720154382613611,-14.505332781158586,-17.560489101128685,-1.6060965898654989,29.468802459230005,-24.087291546734548,1.153928760818217,50.34098150956625,-18.375804139660236,1.5758253995558615,-1.98324420126903,-18.299994611808458,0.03448724490797618,12.911046967395755,-12.167574457851881,0.935127948341198
20,0,0.3,-0.9024245516279973,-16.862848075156922,-17.09774711956151,-1.4082176399679929,31.01015572932355,-14.45996664269692,1.6704826246462918,29.251726839269754,-18.340597740864272,1.5600419995062764,0.8847177721122756,-12.519529246164229,0.13311238169966835,6.418149848311905,-17.78966789482882,0.5481556336097817
45,50,0.8,-0.927327223969126,-18.75488779971849,-22.799032556570943,-0.8815070367461434,60.06284031979992,-22.52079029088019,1.6563032722494317,52.52320052454631,-31.04669536439012,1.298712384111996,-15.084922538009572,-23.44367974556868,-0.40562123213760376,14.926494142437985,-19.03035018853191,0.8383116554652666
60,0,0.3,-0.9380760393743905,-16.467295532234317,-18.049416949572418,-1.7077562148309784,26.517128702195357,-13.738417484725296,1.3076551854818304,34.09638141825568,-17.12497899019889,1.6599335031990625,3.722937442018792,-10.512100918144585,0.2948573813489505,9.648852013636322,-12.116016732088896,0.8347895930316408
10,50,0.8,-0.9456001951319484,-22.673928364424867,-27.938855425489873,-0.9625529051948035,84.20268559957451,-14.89321130651079,2.0940933484957744,103.1743590705125,-24.45573256902618,2.364033164025059,-1.3654543691582144,-20.575532914008697,0.0996489264814918,6.972167776667515,-17.451183668403313,0.4726036945065923
14,0,0.8,-0.9612921894694383,-22.284627291592017,-28.093097851969528,-0.6187682826637994,89.81918927226715,-22.622688620606148,1.9441208843464999,84.00915959550646,-23.9801138287268,1.924745019395176,-13.220517666247378,-31.94501863829615,-0.25061694323892025,6.933885014126662,-26.29526824343206,0.44710885875888967
45,100,0.8,-1.0412999035491404,-18.437288913373308,-23.064562822708623,-1.518095814196666,44.461662554609546,-27.740647820133223,1.3214375107166092,60.80120925597803,-25.283389366647224,1.4314806288837736,-7.252143634147878,-23.942653273467094,-0.06646487424497839,16.809975110738364,-12.16757445785187,1.013810114148988
30,50,0.8,-1.0427396597190415,-21.89708877298203,-23.300581724890378,-1.0524136242976014,76.74472698102474,-15.464458293234252,1.911293399843283,85.28714125035519,-24.307550028367864,1.8405509060879865,0.6080167384198143,-17.299755556963348,0.18041815489579463,1.0567173532009644,-28.930247805042185,0.19345893191485072
45,0,0.3,-1.0665096729707129,-17.712287881432232,-18.66011118520682,-1.6697331159558058,20.14210192677226,-18.828674714240844,1.1989116254533196,27.958869307637958,-15.55078233496504,1.449582526270046,0.23213877874090905,-12.042867497991816,0.09324704547898913,9.54883472140704,-13.19436176338382,0.8299084528448016
90,150,0.5,-1.113005562678993,-3.0022726390319,-3.0022726390319,-1.9728804071726926,11.208897783216587,-28.58111381007068,0.5516053703110733,65.89623329511166,-20.111992637565578,1.7843933930746267,-13.019354666676286,-28.002785716831692,-0.3209717524571569,8.575266414730564,-10.457126698450224,0.8084614982834886
30,0,0.5,-1.1266941510738546,-21.14442420267538,-21.232380656405347,-1.1887338981566562,54.136083993519414,-14.439500030771868,1.7559650176558272,58.59524875135729,-22.240780539284277,1.74195287218413,4.156379063325599,-13.9492501457534,0.28750437916167193,-4.738849100227882,-32.54799959047519,-0.11635732458809887
90,100,0.3,-1.1268991542818032,-10.03586433171283,-10.03586433171283,-2.37143525346136,8.97593372490688,-18.949371248697076,0.6219521590091375,33.90983307070019,-17.330216773787477,1.6086546983223697,-5.879026981997971,-17.672508099360982,-0.24304519758618978,4.605022341600362,-8.7136312474824,0.6176457114585506
20,50,0.8,-1.170372720183322,-25.036952897676045,-27.730369767618146,-1.0965533463786088,83.79181642180676,-17.980734626785054,2.0999393877966206,61.23385600837177,-33.505968961324925,1.5077176336414981,9.468399563951312,-20.51101157442471,0.4616188442481513,1.2282824647695811,-28.94619537935136,0.2014217553970607
10,0,0.5,-1.1749817494522952,-20.37911263817158,-26.399389015609497,-0.9615301732973961,39.20556865219604,-24.822341986828356,1.350663298464004,66.00469727570919,-23.344844716253675,2.0644101698659756,-15.121315155541982,-24.78156004518023,-0.5323613008352559,0.27261317035913724,-24.81258811389567,0.14107837191713582
90,50,0.5,-1.2230430754554917,-14.325661911458942,-15.49665492530382,-1.6584494011137272,36.553061534563994,-13.373192644597676,1.4899735994830265,56.64066020187506,-22.103833215815104,1.6640976546355901,-18.126696520351437,-27.2678903707812,-0.6432554753087668,8.172853736374508,-10.783601390404762,0.7694537705433344
14,50,0.8,-1.2355177912751054,-27.230331722734114,-29.73648053295703,-1.043103491683968,101.95833750780174,-17.365232775097383,2.157020936031191,93.04525568796214,-23.08772053343785,2.1322500274427743,-0.270563701379567,-28.77225590035971,0.14116793733037813,4.139203113753553,-23.271259892485073,0.3346932654277082
60,0,0.5,-1.4025951066020192,-25.654532639718298,-27.96231258849953,-1.6999279154459142,37.85565172856609,-21.12419461217774,1.23694240685582,51.658029010770676,-26.98805921065014,1.5420889784083558,3.3340163933169187,-16.207918935148935,0.25712430710692324,15.759185877238146,-16.120310366932433,0.9664821129361582
90,100,0.5,-1.4139890903948271,-16.18186190482539,-16.18186190482539,-2.3685425206158564,14.996903593193922,-26.079173612084393,0.6946420862626792,51.187538809402966,-27.195024422113768,1.4906555180299486,-11.252084718765975,-26.770257003266284,-0.2813539165118525,8.650328952263564,-11.110780291805877,0.7949348401508114
20,0,0.5,-1.4387627846706437,-26.545935269325593,-26.891343138253575,-1.4070050193511234,48.783958329961806,-21.191195475895476,1.6653683573519824,42.33912866750244,-29.08261202163628,1.414036273192481,-0.5558540278979618,-19.150068729560488,0.09104655359210181,5.673875840220122,-25.31807879075707,0.41419091609464553
30,0,0.8,-1.5570681475071357,-29.136186948843758,-29.22054432676593,-1.1798388756224467,75.99625329538242,-17.473733322325746,1.883167709085379,77.11532410849544,-28.37995766086776,1.6859348337075086,-0.34977255004484675,-20.25078172797803,0.16231846722785684,-6.845414046911302,-36.19162827924879,-0.16105922031239905
90,150,0.8,-1.560468846368,-3.9120567719701294,-3.9120567719701294,-1.909253907647085,21.602316535005308,-32.51692707904957,0.7794349276860659,83.19240153972585,-26.80659560077845,1.6580659950114085,-22.708013517458227,-37.67018169740412,-0.4471506777703287,12.016710212885906,-10.45712669845017,0.9279066959202621
45,0,0.5,-1.5610567667590736,-27.408550217559835,-28.770138766766372,-1.653365328480778,27.767386900666047,-27.46053991678248,1.0882646970022165,42.68516061580912,-24.04461601630351,1.3693220529391972,-0.2230746777428072,-18.146337685204106,0.11345375722417704,13.53458764383586,-18.026795409315056,0.844381882909396
90,100,0.8,-1.6069785851544964,-20.797719239639644,-20.797719239639644,-2.2873465899555203,26.472056124646002,-29.76779521976963,0.9119765991808608,61.93938815378386,-35.29810720488824,1.3662380396154148,-20.352748546749954,-35.923873676163375,-0.4101791315404812,12.094151927384678,-11.110780291805856,0.9175238361311843
90,50,0.8,-1.7572590675385777,-18.979394771295233,-20.58152378271779,-1.5859936516013524,52.08461799482424,-16.65269433086276,1.5837014230990842,70.25185806000798,-29.221226645354637,1.5407600617401924,-28.727098055295553,-36.80259387944762,-0.8115834288792131,11.601542471826164,-10.78360139040474,0.8958122176062765
60,0,0.8,-1.8065214682840693,-33.817640735163245,-37.07858554838097,-1.672014950797053,53.224511242696316,-25.789440328272796,1.3670638310095375,60.97355099557702,-35.440927313332324,1.3839407963707928,-0.5556233274928268,-21.392154117925386,0.1747640659100628,19.940854541860475,-16.272538648159475,1.0519993651141137
10,0,0.8,-1.8497386399724827,-31.4950571334885,-36.92780154052894,-1.1014666283028618,59.43925933115099,-26.322040334297082,1.5764664696336053,82.35594565363726,-32.742760700716126,1.9095979346272405,-24.791880145812705,-33.492993127644034,-0.6626335644812699,-4.826997536376664,-29.412903102394694,-0.08531587881803956
90,0,0.3,-1.8732228115837708,-20.1897684726271,-20.670049719084528,-2.8797403773580603,10.552619974598066,-21.42985580408987,0.6900071754522601,39.45700231127083,-13.90564915152055,1.7889023980872958,-5.648069227125118,-19.285462898177475,-0.20007531785942062,0.8226931551466921,-11.241690372141012,0.1540930279654316
45,0,0.8,-1.9875648482357264,-35.969924287387755,-37.84301335420417,-1.6239462490743133,42.31603328573161,-31.202506789475727,1.2627898343230468,51.08552134931714,-31.622247553151638,1.250698393080989,-4.7990132889395465,-23.93988906306622,0.02345411761120581,15.811757242285719,-19.427248427340594,0.8588133833940137
20,0,0.8,-1.9942277028297042,-36.619248744583565,-37.09509578294059,-1.4190897854156732,70.86780011900518,-23.579423990027905,1.8415281218664632,51.618143562961464,-37.664523043429114,1.3175585769923264,-4.360650646362174,-26.115932001621513,0.017158607513199305,2.333991652503564,-29.404907201946685,0.25423659149003064
90,0,0.5,-2.404547652110435,-31.458930647299855,-32.14412387588007,-2.8817134161911664,16.99425686604401,-30.19214625272436,0.7461495808425452,61.41484493721789,-22.270023468154044,1.6768850074220327,-11.238695830165135,-28.97953174307094,-0.23999221456948774,3.842283099965993,-14.432741212882927,0.39184459693524665
90,0,0.8,-2.8897189376773453,-41.50567698734473,-42.376865234574545,-2.87030888246934,28.351721389489203,-34.14912480844544,0.9426071967118046,73.77207081621691,-30.570431166145397,1.5179149033267207,-21.423427668416917,-39.01907638455311,-0.3842428659202074,7.184293578171319,-14.432741212882904,0.5795731508756683
